Business Name,Address,City,Phone Number,Website,Category / Cuisine,Source,Confidence Score (Independent),LastName,Email
The Cornerstone,"1 Wyndham Street North, Guelph",Guelph,(519) 824-7723,https://thecornerstoneguelph.ca/,american,OpenStreetMap,1,Unknown1,Unknown1@gmail.com
Selvi Cakes,45 George Robinson Dr Brampton ON L6Y 2E3,Guelph,(905) 451-1546,http://www.facebook.com/801956223229849,,YellowPages.ca,1,Unknown2,Unknown2@gmail.com
Origen Bistro | Bakery,Unknown ON,Guelph,(905) 226-1090,,,YellowPages.ca,1,Unknown3,Unknown3@gmail.com
Minnie's little Bakery,23 Foliage Dr Brampton ON L7A 4M7,Guelph,(647) 308-0230,,,YellowPages.ca,1,Unknown4,Unknown4@gmail.com
Touche Bakery Inc.,6-2110 Williams Pky Brampton ON L6S 5X6,Guelph,(647) 484-7500,,,YellowPages.ca,1,Unknown5,Unknown5@gmail.com
Sweet Retreat Cakery,70 Foster Cres Brampton ON L6V 3M8,Guelph,(647) 990-2209,http://www.facebook.com/435247386492426,,YellowPages.ca,1,Unknown6,Unknown6@gmail.com
Swirls Bake Shop,17 Queen N Mississauga ON L5N 1A2,Guelph,(905) 285-0991,,,YellowPages.ca,1,Unknown7,Unknown7@gmail.com
Lailas Cheesecake,4155 Fairview St Burlington ON L7L 2A4,Guelph,(905) 634-2253,,,YellowPages.ca,1,Unknown8,Unknown8@gmail.com
Dolcezza Custom Cakes,71 Main St N Brampton ON L6X 1M8,Guelph,(905) 230-2239,http://www.dolcezzacakes.com/,,YellowPages.ca,1,Unknown9,Unknown9@gmail.com
Marco's Bakery,3-3500 Fairview St Burlington ON L7N 2R5,Guelph,(905) 333-3733,http://www.marcosbakery.net/,,YellowPages.ca,1,Unknown10,Unknown10@gmail.com
Sweetness By Mandy,Brampton ON,Guelph,(905) 965-2483,,,YellowPages.ca,1,Unknown11,Unknown11@gmail.com
The Queen Street Bakery,47 Queen St W Brampton ON L6Y 1L9,Guelph,(905) 230-9225,,,YellowPages.ca,1,Unknown12,Unknown12@gmail.com
Aveiro Bakery,2530 Sixth Line Oakville ON L6H 6W5,Guelph,(289) 725-0338,https://www.aveirobakery.ca/,,YellowPages.ca,1,Unknown13,Unknown13@gmail.com
Lisboa Bakeries,131 Main St N Brampton ON L6X 1M9,Guelph,(905) 463-1508,http://www.lisboabakery.com/,,YellowPages.ca,1,Unknown14,Unknown14@gmail.com
Cristina's Bakery & Grill,131 Main St N Brampton ON L6X 1M9,Guelph,(905) 436-2091,,,YellowPages.ca,1,Unknown15,Unknown15@gmail.com
Cristina Bakery,131 Main St N Brampton ON L6X 1M9,Guelph,(905) 463-2091,http://www.cristinasbakerygrill.com/index.html,,YellowPages.ca,1,Unknown16,Unknown16@gmail.com
Nothing Bundt Cakes,3350 Fairview St Burlington ON L7N 3L5,Guelph,(289) 245-1211,https://www.nothingbundtcakes.com/,,YellowPages.ca,1,Unknown17,Unknown17@gmail.com
Nova Grill & Bakery,131 Main St N Brampton ON L6X 1M9,Guelph,(905) 454-6682,http://www.facebook.com/302056243632768,,YellowPages.ca,1,Unknown18,Unknown18@gmail.com
Living Sky Bakery,Brampton ON,Guelph,(289) 654-4388,,,YellowPages.ca,1,Unknown19,Unknown19@gmail.com
Peninsula Bakery,380 Bovaird Dr E Brampton ON L6Z 2S6,Guelph,(905) 451-7788,http://www.peninsulapantry.com.au/,,YellowPages.ca,1,Unknown20,Unknown20@gmail.com
That Cake Guy,88 Stillwater Cres Brampton ON L6X 3L4,Guelph,(647) 642-8969,https://www.facebook.com/thatcakeguyca/,,YellowPages.ca,1,Unknown21,Unknown21@gmail.com
Anna Mae's Bakery & Restaurant,4060 Perth Line 72 Millbank ON N0K 1L0,Guelph,(519) 595-4407,http://www.annamaes.ca/,,YellowPages.ca,1,Unknown22,Unknown22@gmail.com
Sweet Michi's Bakery,2384 Parkhaven Blvd Oakville ON L6H 0E7,Guelph,(289) 681-0964,http://sweetmichis.com/,,YellowPages.ca,1,Unknown23,Unknown23@gmail.com
Rosa's Grocery Store,83 John St Brampton ON L6W 1Z4,Guelph,(905) 497-7030,http://www.facebook.com/1626424777579693,,YellowPages.ca,1,Unknown24,Unknown24@gmail.com
Kikkra Bakery & Coffee Inc,201 River Oaks Blvd W Oakville ON L6H 3S7,Guelph,(905) 842-3534,,,YellowPages.ca,1,Unknown25,Unknown25@gmail.com
Donut Monster,246 Locke St S Hamilton ON L8P 4B9,Guelph,(289) 309-1108,http://www.facebook.com/189423997881511,,YellowPages.ca,1,Unknown26,Unknown26@gmail.com
The Cake Plate Diaries,2-18 Chambers Crt Brampton ON L6Z 1J1,Guelph,(647) 283-3759,https://www.facebook.com/Thecakeplatediaries/,,YellowPages.ca,1,Unknown27,Unknown27@gmail.com
Smoochie's Creations,3 Howell St Brampton ON L6Y 3J6,Guelph,(647) 295-8873,https://www.facebook.com/smoochiescreations/,,YellowPages.ca,1,Unknown28,Unknown28@gmail.com
Bubbles'N Bakery,63 Queen St S Mississauga ON L5M 3S9,Guelph,(905) 813-8388,http://www.bubblesnbakery.com/,,YellowPages.ca,1,Unknown29,Unknown29@gmail.com
Sweetness Bakery,196 Locke St S Hamilton ON L8P 4B4,Guelph,(289) 389-9785,,,YellowPages.ca,1,Unknown30,Unknown30@gmail.com
Red Moon Bakery,13-380 Bovaird Dr E Brampton ON L6Z 2S7,Guelph,(437) 984-1623,http://www.redmoons.ca/,,YellowPages.ca,1,Unknown31,Unknown31@gmail.com
The Chocolate Rose Bake Shop,Caledon ON,Guelph,(416) 565-0870,,,YellowPages.ca,1,Unknown32,Unknown32@gmail.com
Yummy Cakes 4 U,31-4600 Kimbermount Ave Mississauga ON L5M 6Z5,Guelph,(905) 782-5472,,,YellowPages.ca,1,Unknown33,Unknown33@gmail.com
Mysweetooth Üê8Üçìáîúáâô Gourmet Asian Fusion Ba kery Cafe,301 Main St W Hamilton ON L8P 1J7,Guelph,(365) 888-5686,,,YellowPages.ca,1,Unknown34,Unknown34@gmail.com
Monolicious,33 Queen St S Mississauga ON L5M 1K2,Guelph,(289) 400-7624,http://www.facebook.com/1073249776053029,,YellowPages.ca,1,Unknown35,Unknown35@gmail.com
Grace The Artist Of Cake,558 Hager Ave Burlington ON L7S 1P5,Guelph,(905) 633-7829,http://www.gracecakes.com/,,YellowPages.ca,1,Unknown36,Unknown36@gmail.com
Cake & Loaf Bakery,212 Homewood Ave Hamilton ON L8P 2M5,Guelph,(289) 389-6581,http://cakeandloaf.ca/,,YellowPages.ca,1,Unknown37,Unknown37@gmail.com
Tung Hing Bakery,103 Queen St N Hamilton ON L8R 2V5,Guelph,(905) 527-8333,http://www.facebook.com/1584271091694443,,YellowPages.ca,1,Unknown38,Unknown38@gmail.com
Queen Cakes by Jhe,901-120 Dundas St E Mississauga ON L5A 1W6,Guelph,(647) 998-1460,http://www.facebook.com/79610,,YellowPages.ca,1,Unknown39,Unknown39@gmail.com
Cakes Of Atlantis,4836 Auckland Ave Mississauga ON L5M 7K3,Guelph,(647) 405-7631,https://www.facebook.com/cakesofatlantis/,,YellowPages.ca,1,Unknown40,Unknown40@gmail.com
Bun Shoppe Bakery,10 King George Rd Main Brantford ON N3R 5J7,Guelph,(519) 756-1121,http://www.ontariotowns.on.ca/bunshoppebakery,,YellowPages.ca,1,Unknown41,Unknown41@gmail.com
Sweets Cupcake Co.,192 Martindale Cres Brampton ON L6X 2V2,Guelph,(416) 826-1793,http://www.facebook.com/1110316125727881,,YellowPages.ca,1,Unknown42,Unknown42@gmail.com
Golden Star Bakery,12570 Kennedy Rd Caledon ON L7C 4C4,Guelph,(905) 843-1999,https://www.facebook.com/goldenstarbakerycaledon/,,YellowPages.ca,1,Unknown43,Unknown43@gmail.com
Sweets by Jody,619 Marley Rd Burlington ON L7T 3R8,Guelph,(905) 630-9441,,,YellowPages.ca,1,Unknown44,Unknown44@gmail.com
Strawberry Shortcake's,3264 Topeka Dr Mississauga ON L5M 7V1,Guelph,(647) 971-2420,https://www.facebook.com/StrawberryShortcakes.bakery/,,YellowPages.ca,1,Unknown45,Unknown45@gmail.com
Butter & Cup & Bakery & Coffee Co,218 Dougall Ave Caledon ON L7C 3T6,Guelph,(905) 846-9222,,,YellowPages.ca,1,Unknown46,Unknown46@gmail.com
Dalia's Cake Shop,3335 Stoney Cres Mississauga ON L5M 0N6,Guelph,(416) 939-7714,,,YellowPages.ca,1,Unknown47,Unknown47@gmail.com
Amici Deli & Bakery,6146 Malden Las ON,Guelph,(519) 734-7444,,,YellowPages.ca,1,Unknown48,Unknown48@gmail.com
COBS Bread,1235 Fairview Street Burlington ON L7S 2K9,Guelph,(905) 639-2727,https://www.cobsbread.com/pages/bakeries/maple-mews-bakery,,YellowPages.ca,1,Unknown49,Unknown49@gmail.com
Rahat Bakers And Sweets Inc,3920 Eglinton Ave W Mississauga ON L5M 2R9,Guelph,(905) 820-1500,,,YellowPages.ca,1,Unknown50,Unknown50@gmail.com
Baker's Dozen Donuts,180 Sandalwood Pky E Brampton ON L6Z 1Y4,Guelph,(905) 846-3461,http://bakersdozendonuts.com/,,YellowPages.ca,1,Unknown51,Unknown51@gmail.com
Manal's Bakery,5371 Tenth Line W Mississauga ON L5M 0V7,Guelph,(226) 792-3599,https://www.facebook.com/ManalsBakery/,,YellowPages.ca,1,Unknown52,Unknown52@gmail.com
Sweetanniebakes,2847 Galleon Cres Mississauga ON L5M 5T9,Guelph,(416) 707-1046,http://www.facebook.com/55184,,YellowPages.ca,1,Unknown53,Unknown53@gmail.com
2 Sweet Chicks,"2617 Windwood Dr, Burlington Mississauga ON L5N 2K6",Guelph,(416) 435-2247,https://www.facebook.com/2-Sweet-Chicks-344439822414705/,,YellowPages.ca,1,Unknown54,Unknown54@gmail.com
Classy & Sweet Cake Designs,6 Ozark Crt Brampton ON L6Y 0L4,Guelph,(416) 473-8887,http://www.classysweetcakedesigns.com/,,YellowPages.ca,1,Unknown55,Unknown55@gmail.com
Vanilla Lane Cupcakes,21 Arizona Dr Brampton ON L6Y 0R6,Guelph,(647) 864-7310,https://www.facebook.com/Vanilla-Lane-Cupcakes-260610287315705/,,YellowPages.ca,1,Unknown56,Unknown56@gmail.com
The Dessert Room,1048 King St W Hamilton ON L8S 1L5,Guelph,(905) 524-2323,http://www.facebook.com/400179543418438,,YellowPages.ca,1,Unknown57,Unknown57@gmail.com
Cupcakes,3-1050 King St W Hamilton ON L8S 1L5,Guelph,(905) 308-8484,http://westdalecupcakes.com/,,YellowPages.ca,1,Unknown58,Unknown58@gmail.com
Butter & Cup Bakery & Coffee Co,218 Dougall Ave Caledon ON L7C 3T6,Guelph,(905) 495-2233,http://www.facebook.com/889841697718762,,YellowPages.ca,1,Unknown59,Unknown59@gmail.com
Katherine Stiner,3002 Preserve Dr Oakville ON L6M 0V2,Guelph,(905) 582-1333,http://www.facebook.com/310890322985537,,YellowPages.ca,1,Unknown60,Unknown60@gmail.com
Mount Sinai Bakery Inc.,3700 Eglinton Ave W Mississauga ON L5M 2R9,Guelph,(905) 569-2600,,,YellowPages.ca,1,Unknown61,Unknown61@gmail.com
Voortman Foundation Ince,4475 North Service Rd Burlington ON L7L 4X7,Guelph,(905) 335-0313,http://www.voortman.com/,,YellowPages.ca,1,Unknown62,Unknown62@gmail.com
Clarke-Rose Carol,5480 Glen Erin Dr Mississauga ON L5M 5R3,Guelph,(905) 817-0700,http://www.LivingInMississauga.ca/,,YellowPages.ca,1,Unknown63,Unknown63@gmail.com
Golden Grains Bakery Cafe & Deli Ltd,389 Main St N Brampton ON L6X 3P1,Guelph,(905) 459-5641,https://goldengrains.ca/,,YellowPages.ca,1,Unknown64,Unknown64@gmail.com
Envy Specialty Cupcakes And Cakes,21 Vinewood Rd Caledon ON L7C 4A9,Guelph,(647) 668-8925,https://www.facebook.com/eNVySpecialtyCupcakesAndCakes/,,YellowPages.ca,1,Unknown65,Unknown65@gmail.com
Freshly Yours Food And Beverage Inc O/A Nestle Toll House Cafe,777 Guelph Line Burlington ON L7R 3N2,Guelph,(905) 639-7279,,,YellowPages.ca,1,Unknown66,Unknown66@gmail.com
Cakery Decor,211-164 Sandalwood Pky E Brampton ON L6Z 4X1,Guelph,(905) 581-7418,,,YellowPages.ca,1,Unknown67,Unknown67@gmail.com
Isogora,803 Golf Links Rd Ancaster ON L9K 1L5,Guelph,(905) 304-4885,,,YellowPages.ca,1,Unknown68,Unknown68@gmail.com
Sherrys Delites,29 Vodden St W Brampton ON L6X 2W6,Guelph,(289) 233-0246,http://www.sherrysdelites.tictail.com/,,YellowPages.ca,1,Unknown69,Unknown69@gmail.com
Armeen's Cake & Bake Shop,2275 Britannia Rd W Mississauga ON L5M 2G6,Guelph,(905) 821-2253,http://www.armeenscakes.com/,,YellowPages.ca,1,Unknown70,Unknown70@gmail.com
SugarPot,5428 Meadowcrest Ave Mississauga ON L5M 0V8,Guelph,(647) 215-3780,http://www.facebook.com/669309679788527,,YellowPages.ca,1,Unknown71,Unknown71@gmail.com
COBS Bread,1187 Wilson Street West Ancaster ON L9G 3K9,Guelph,,https://www.cobsbread.com/local-bakery/trinity-wilson/,,YellowPages.ca,1,Unknown72,Unknown72@gmail.com
Bites Bakery And Coffees Shop,3077 Cabano Cres Mississauga ON L5M 0C6,Guelph,(647) 707-7060,http://www.facebook.com/393505497742964,,YellowPages.ca,1,Unknown73,Unknown73@gmail.com
Azores Bakery,4-5 McMurchy Ave N Brampton ON L6X 2R6,Guelph,(905) 453-1533,https://www.facebook.com/pages/Azores-Bakery/124457207595463,,YellowPages.ca,1,Unknown74,Unknown74@gmail.com
Butter and Spice,Brampton ON L6Z 3P4,Guelph,(647) 981-9012,,,YellowPages.ca,1,Unknown75,Unknown75@gmail.com
Bakerrisk,103-5575 North Service Rd Burlington ON L7L 6M1,Guelph,(289) 288-0100,,,YellowPages.ca,1,Unknown76,Unknown76@gmail.com
Sweetcraft Desserts,792 Brant St Burlington ON L7R 2J2,Guelph,(289) 816-3060,https://www.sweetcraft.ca/,,YellowPages.ca,1,Unknown77,Unknown77@gmail.com
Monastery Bakery & Delicatessen Ltd,1133 Monastery Dr Oakville ON L6M 2A3,Guelph,(905) 847-1020,http://www.monasterybakery.com/,,YellowPages.ca,1,Unknown78,Unknown78@gmail.com
Sweet Canadiantreats,468 Lorne St Burlington ON L7R 2T4,Guelph,(905) 630-3040,https://sweet-canadian-treats.business.site/,,YellowPages.ca,1,Unknown79,Unknown79@gmail.com
Baker Baker,418 John St N Hamilton ON L8L 4R3,Guelph,(905) 577-4706,,,YellowPages.ca,1,Unknown80,Unknown80@gmail.com
Grain Of Salt,18-561 Hespeler Rd Cambridge ON N1R 6J4,Guelph,(519) 653-1600,http://www.welcometograinofsalt.com/,,YellowPages.ca,1,Unknown81,Unknown81@gmail.com
Vijay's Restaurant,380 Weber St W Kitchener ON N2H 4B3,Guelph,(519) 743-6060,http://www.vijaysindiancuisine.com/,,YellowPages.ca,1,Unknown82,Unknown82@gmail.com
Doon Village Indian Bistrobistro,270 Bleams Rd Kitchener ON N2C 2K6,Guelph,(519) 748-0666,,,YellowPages.ca,1,Unknown83,Unknown83@gmail.com
Queen Shawarma Restaurant,4-93 Ontario St S Kitchener ON N2G 1X5,Guelph,(519) 742-2023,,,YellowPages.ca,1,Unknown84,Unknown84@gmail.com
RANGOLI INDIAN RESTAURANT & BAR,"Unit F105, 123 Pioneer Drive Kitchener ON N2P 2A3",Guelph,(365) 998-1007,,,YellowPages.ca,1,Unknown85,Unknown85@gmail.com
Fergus Indian Cuisine,232 St Andrew St W Fergus ON N1M 1N7,Guelph,(519) 787-2304,,,YellowPages.ca,1,Unknown86,Unknown86@gmail.com
Panj Taara Bar & Grill Inc,4355 King St E Kitchener ON N2P 2E9,Guelph,(519) 650-0500,,,YellowPages.ca,1,Unknown87,Unknown87@gmail.com
Biryani Walla,6-383 Elgin St N Cambridge ON N1R 8C1,Guelph,(519) 267-8899,,,YellowPages.ca,1,Unknown88,Unknown88@gmail.com
Dakshin Foods Inc,6-600 Hespeler Rd Cambridge ON N1R 8H2,Guelph,(519) 267-9269,,,YellowPages.ca,1,Unknown89,Unknown89@gmail.com
Fusion Indian Restaurant,96 Gordon St Guelph ON N1H 4H6,Guelph,(519) 265-0999,http://fusionindian.com/,,YellowPages.ca,1,Unknown90,Unknown90@gmail.com
Malwa Meats & Takeout,4-825 Saginaw Pky Cambridge ON N1T 0E2,Guelph,(226) 533-9494,,,YellowPages.ca,1,Unknown91,Unknown91@gmail.com
Royal Paan Cambridge,95 Saginaw Pky Cambridge ON N1T 1W2,Guelph,(519) 267-7226,,,YellowPages.ca,1,Unknown92,Unknown92@gmail.com
Bunty's Indian Cuisine,167 Jolliffe Ave Rr 2 Rockwood ON N0B 2K0,Guelph,(519) 856-9977,,,YellowPages.ca,1,Unknown93,Unknown93@gmail.com
THE Saffron Indian Restaurant,5 Municipal Guelph ON N1G 1G8,Guelph,(519) 767-5676,,,YellowPages.ca,1,Unknown94,Unknown94@gmail.com
Royal Paan Guelph,204 Silvercreek Pky N Guelph ON N1H 7P7,Guelph,(519) 780-0002,,,YellowPages.ca,1,Unknown95,Unknown95@gmail.com
Biryani Delight Inc.,5 Municipal St Guelph ON N1G 1G8,Guelph,(519) 837-3899,,,YellowPages.ca,1,Unknown96,Unknown96@gmail.com
Curry In A Hurry,9 Cork St E Guelph ON N1H 2W7,Guelph,(519) 826-9382,,,YellowPages.ca,1,Unknown97,Unknown97@gmail.com
Classic Indian Restaurant,150 Wissler Rd Waterloo ON N2K 3C6,Guelph,(519) 746-1976,http://classicindiancuisine.com/,,YellowPages.ca,1,Unknown98,Unknown98@gmail.com
Panj Taara,725 Ottawa St S Kitchener ON N2E 3H5,Guelph,(519) 570-3000,,,YellowPages.ca,1,Unknown99,Unknown99@gmail.com
Spice Of India,700 Strasburg Rd Kitchener ON N2E 2M2,Guelph,(519) 742-9000,https://www.facebook.com/spiceindia.ca/,,YellowPages.ca,1,Unknown100,Unknown100@gmail.com
Chopan Kabob,1-200 Highland Rd W Kitchener ON N2M 3C2,Guelph,(519) 954-5144,http://www.chopankabob.ca/,,YellowPages.ca,1,Unknown101,Unknown101@gmail.com
Bombay Chilli,4265 Thomas Alton Blvd Burlington ON L7M 0Z4,Guelph,(905) 315-7000,,,YellowPages.ca,1,Unknown102,Unknown102@gmail.com
Yellow Chili,8B-10635 Creditview Rd Brampton ON L7A 0T4,Guelph,(905) 970-8900,http://www.yellowchilli.ca/,,YellowPages.ca,1,Unknown103,Unknown103@gmail.com
George Jimmy Chachi's Kitchen Inc,1594 Leger Way Milton ON L9E 0B9,Guelph,(289) 270-7007,,,YellowPages.ca,1,Unknown104,Unknown104@gmail.com
Agra Sweets & Tandoori,10671 Chinguacousy Rd Brampton ON L7A 0N5,Guelph,(905) 216-6041,,,YellowPages.ca,1,Unknown105,Unknown105@gmail.com
Milton Halall Meat,810 Nipissing Milton ON L9T 4Z9,Guelph,(905) 693-4890,,,YellowPages.ca,1,Unknown106,Unknown106@gmail.com
Made In India,130 Guelph St Georgetown ON L7G 4A5,Guelph,(905) 702-9304,,,YellowPages.ca,1,Unknown107,Unknown107@gmail.com
The Bombay Grill,4-370 Main St E Milton ON L9T 1P6,Guelph,(905) 878-7575,http://www.bombaygrill.ca/,,YellowPages.ca,1,Unknown108,Unknown108@gmail.com
Rangoli Indian Restaurant,115 Main St S Georgetown ON L7G 3E5,Guelph,(289) 891-9188,https://www.thebridgewood.ca/,,YellowPages.ca,1,Unknown109,Unknown109@gmail.com
Elmira Tandoori Grill,"16 Arthur St S, Main Elmira ON N3B 2M5",Guelph,(519) 210-3333,,,YellowPages.ca,1,Unknown110,Unknown110@gmail.com
Noi Kitchen,5-878 Weber St N Waterloo ON N2V 0H2,Guelph,(647) 389-9389,,,YellowPages.ca,1,Unknown111,Unknown111@gmail.com
Curry In A Hurry,170 University Ave W Waterloo ON N2L 3E9,Guelph,(519) 888-0126,http://www.facebook.com/154839677881889,,YellowPages.ca,1,Unknown112,Unknown112@gmail.com
Kismet Restaurant,160 University Ave W Waterloo ON N2L 3E9,Guelph,(519) 746-8788,http://www.kismetwaterloo.ca/,,YellowPages.ca,1,Unknown113,Unknown113@gmail.com
Mr Bowens Hyderabadi Biryani,324 Highland Rd W Kitchener ON N2M 5G2,Guelph,(519) 721-2622,http://www.facebook.com/3880,,YellowPages.ca,1,Unknown114,Unknown114@gmail.com
Raja Fine Indian Cuisine,725 Belmont Ave W Kitchener ON N2M 1P3,Guelph,(519) 208-2811,https://www.facebook.com/rajakitchaner,,YellowPages.ca,1,Unknown115,Unknown115@gmail.com
Empress Of India,34 King St S Waterloo ON N2J 1N8,Guelph,(519) 883-1314,http://www.empressofindia.ca/,,YellowPages.ca,1,Unknown116,Unknown116@gmail.com
Diwa Classic Indian Cuisine,336 Speedvale Ave W Guelph ON N1H 7M7,Guelph,(519) 826-9711,http://www.diwaindiancuisine.ca/,,YellowPages.ca,1,Unknown117,Unknown117@gmail.com
Bombay Kitchen,105 Macdonell St Guelph ON N1H 2Z7,Guelph,(519) 821-3343,http://www.bombaykitchen.ca/,,YellowPages.ca,1,Unknown118,Unknown118@gmail.com
The Alternative Baker,3015 New St Burlington ON L7R 1K3,Guelph,(905) 407-9307,http://thealternativebaker.weebly.com/,,YellowPages.ca,1,Unknown119,Unknown119@gmail.com
Passions,242A Queen St S Mississauga ON L5M 1L5,Guelph,(905) 285-9929,,,YellowPages.ca,1,Unknown120,Unknown120@gmail.com
Homestead Bakery,298 Brock St Brantford ON N3S 5X9,Guelph,(905) 531-5892,,,YellowPages.ca,1,Unknown121,Unknown121@gmail.com
Craft Me A Cake - Custom Cake Studio,2550 Eglinton Ave W Mississauga ON L5M 0Y2,Guelph,(365) 777-9100,https://www.facebook.com/craftmeacake/,,YellowPages.ca,1,Unknown122,Unknown122@gmail.com
Sweet Tooth Bakery,Hamilton ON L9C 6W6,Guelph,(289) 925-8722,https://www.facebook.com/Sweet-Tooth-Bakery-803934483075932/,,YellowPages.ca,1,Unknown123,Unknown123@gmail.com
1Apex,208 Greencedar Dr Hamilton ON L9C 6W6,Guelph,(905) 308-6957,,,YellowPages.ca,1,Unknown124,Unknown124@gmail.com
Cake & Loaf,35 York Blvd Hamilton ON L8R 3K7,Guelph,(905) 577-9900,http://cakeandloaf.ca/contact/,,YellowPages.ca,1,Unknown125,Unknown125@gmail.com
Hotti Biscotti,142 James St N Hamilton ON L8R 2K7,Guelph,(289) 389-7244,http://www.hottibiscotti.com/,,YellowPages.ca,1,Unknown126,Unknown126@gmail.com
Cake-ish,Mississauga ON L5W 1E5,Guelph,(416) 953-9483,,,YellowPages.ca,1,Unknown127,Unknown127@gmail.com
COBS Bread,489 Broadway Orangeville ON L9W 0A4,Guelph,(519) 938-8889,https://www.cobsbread.com/pages/bakeries/orangeville-bakery,,YellowPages.ca,1,Unknown128,Unknown128@gmail.com
Munchkin Confections,17 Harper Rd Brampton ON L6W 2W3,Guelph,(289) 489-9194,,,YellowPages.ca,1,Unknown129,Unknown129@gmail.com
Caldense Bakery & Pastry,230 James St N Hamilton ON L8R 2L3,Guelph,(905) 296-6064,,,YellowPages.ca,1,Unknown130,Unknown130@gmail.com
Beauty By Styles,2 KingW Hamilton ON L8P 1A1,Guelph,(905) 521-0050,,,YellowPages.ca,1,Unknown131,Unknown131@gmail.com
Bocconcino Bakery And Market,414 Locust St Burlington ON L7S 1T7,Guelph,(905) 333-9063,,,YellowPages.ca,1,Unknown132,Unknown132@gmail.com
Panaderya Bake Shop,275 James St N Hamilton ON L8R 2L4,Guelph,(289) 396-7760,,,YellowPages.ca,1,Unknown133,Unknown133@gmail.com
Kate's Town Talk Bakery,206 Queen St S Mississauga ON L5M 1L3,Guelph,(905) 821-1166,http://www.katestowntalk.ca/,,YellowPages.ca,1,Unknown134,Unknown134@gmail.com
Bomet Polymer,39 Alice St Brantford ON N3R 1Y1,Guelph,(519) 752-0333,,,YellowPages.ca,1,Unknown135,Unknown135@gmail.com
Kelly's Bake Shoppe Inc,401 Brant St Burlington ON L7R 2E9,Guelph,(905) 333-1400,http://www.kellysxo.com/,,YellowPages.ca,1,Unknown136,Unknown136@gmail.com
Ardglen Bakery,85 Clarence St Brampton ON L6W 1S5,Guelph,(905) 455-9021,http://www.facebook.com/pages/Ardglen-Bakery/121215147921532,,YellowPages.ca,1,Unknown137,Unknown137@gmail.com
Pastry Studio Inc,775 pacific road Oakville ON L6L 6M4,Guelph,(800) 881-0302,https://pastrystudio.ca/,,YellowPages.ca,1,Unknown138,Unknown138@gmail.com
Masisseo-Eh Bakery & K-Restaurant Inc,1395 AbbeywoodDr Oakville ON L6M 3B2,Guelph,(905) 825-1061,,,YellowPages.ca,1,Unknown139,Unknown139@gmail.com
Pane Del Sole Italian Bakery,175 John St N Hamilton ON L8L 4P3,Guelph,(905) 529-5619,http://www.panedelsolebakery.com/,,YellowPages.ca,1,Unknown140,Unknown140@gmail.com
Happiness is Sweet,Mississauga ON L5L 4T1,Guelph,(416) 904-3210,,,YellowPages.ca,1,Unknown141,Unknown141@gmail.com
Sweet Life,495 Hansen Rd N Brampton ON L6V 3P6,Guelph,(647) 801-9278,http://www.facebook.com/1805255606404359,,YellowPages.ca,1,Unknown142,Unknown142@gmail.com
Infinity Cookies,6982 Tassel Cres Mississauga ON L5W 1G7,Guelph,(416) 200-8333,,,YellowPages.ca,1,Unknown143,Unknown143@gmail.com
Appeticing Treats,38 Abbey Rd Brampton ON L6W 2T8,Guelph,(647) 808-8960,https://www.facebook.com/Appeticing-Treats-665361103534287/,,YellowPages.ca,1,Unknown144,Unknown144@gmail.com
Dahlia Bakery,2345 Wyecroft Rd Oakville ON L6L 6L8,Guelph,(905) 465-3252,,,YellowPages.ca,1,Unknown145,Unknown145@gmail.com
Abu Bakr A,5955 Creditview Rd Mississauga ON L5V 1N4,Guelph,(905) 363-7522,,,YellowPages.ca,1,Unknown146,Unknown146@gmail.com
Made For You By Madeleine,51 King William St Hamilton ON L8R 1A2,Guelph,(289) 389-5100,http://www.facebook.com/457473197692111,,YellowPages.ca,1,Unknown147,Unknown147@gmail.com
Poppyseed Cakery,78 Ravenswood Dr Brampton ON L6Y 4A1,Guelph,(905) 399-4720,http://poppyseedcakery.ca/,,YellowPages.ca,1,Unknown148,Unknown148@gmail.com
The Honey Badger Bakery,Hamilton ON,Guelph,(289) 441-6687,,,YellowPages.ca,1,Unknown149,Unknown149@gmail.com
Ian Cakery,Hamilton ON,Guelph,(905) 962-7588,,,YellowPages.ca,1,Unknown150,Unknown150@gmail.com
Sweet Nutritionista,247 BRAITHWAITE AVE Ancaster ON L9G 5A7,Guelph,(289) 218-8850,https://sweetnutritionista.com/,,YellowPages.ca,1,Unknown151,Unknown151@gmail.com
Eatana Bakery,1 CahillDr ON,Guelph,(519) 751-7961,,,YellowPages.ca,1,Unknown152,Unknown152@gmail.com
Delicacy Bakery & Fine Foods,Oakville ON,Guelph,(647) 400-6782,,,YellowPages.ca,1,Unknown153,Unknown153@gmail.com
Mmmarvellous Mmmuffins,Shoppers World Brampton ON L6Y 1N7,Guelph,(905) 450-6362,http://www.mmmuffins.com/,,YellowPages.ca,1,Unknown154,Unknown154@gmail.com
Eastway Bake Shoppe,4047 New St Burlington ON L7L 1S8,Guelph,(905) 637-6333,http://eastwaybakeshoppe.placeweb.site/,,YellowPages.ca,1,Unknown155,Unknown155@gmail.com
Bread & Better Bakery,1038 King St W Hamilton ON L8S 1L5,Guelph,(905) 529-5939,,,YellowPages.ca,1,Unknown156,Unknown156@gmail.com
Karpaty Fine Foods Inc,190 Bovaird Dr W Castlemore ON L7A 1A2,Guelph,(905) 451-4285,http://www.euromaxfoods.com/,,YellowPages.ca,1,Unknown157,Unknown157@gmail.com
Kang's Dhaba & Pizza,9-15 Ashby Field Rd Brampton ON L6X 3B7,Guelph,(905) 450-9595,http://www.shafspizzaandbroast.com/,,YellowPages.ca,1,Unknown158,Unknown158@gmail.com
GSM Cakes Ltd,68 Foxglove Kitchener ON N2E 3Y7,Guelph,(226) 806-0084,https://bakesy.shop/b/gsm-cake-supplies-ltd,,YellowPages.ca,1,Unknown159,Unknown159@gmail.com
Monika Bakes,500 Steeles Ave E Milton ON L9T 3P7,Guelph,(416) 275-7468,,,YellowPages.ca,1,Unknown160,Unknown160@gmail.com
RiverSong Banquet Hall,632 Hawkesville Rd RR 1 St Jacobs ON N0B 2N0,Guelph,(519) 664-0532,,,YellowPages.ca,1,Unknown161,Unknown161@gmail.com
Heather's Bakery & Cafe,103 Main St S Georgetown ON L7G 3E5,Guelph,(905) 873-6569,http://www.heathersbakery.ca/,,YellowPages.ca,1,Unknown162,Unknown162@gmail.com
Apollo Bakery & Grill,585 Wingrove Crt Waterloo ON N2T 2C1,Guelph,(519) 746-9706,,,YellowPages.ca,1,Unknown163,Unknown163@gmail.com
Melitsa's Melitsa's,248 Westvale Dr Waterloo ON N2T 1Y3,Guelph,(519) 745-2121,http://www.melitsas.com/,,YellowPages.ca,1,Unknown164,Unknown164@gmail.com
Cakes by Tiina,2464 5th Concession W Branchton ON N0B 1L0,Guelph,(226) 606-0719,,,YellowPages.ca,1,Unknown165,Unknown165@gmail.com
Sassy Batch Bakery,143 Ashberry Pl Waterloo ON N2T 1G8,Guelph,(905) 531-7520,https://www.facebook.com/Sassy-Batch-Bakery-1445471119022370/,,YellowPages.ca,1,Unknown166,Unknown166@gmail.com
Freys Home Baking,3942 Arthur St N Elmira ON N3B 2Z1,Guelph,(519) 669-1379,,,YellowPages.ca,1,Unknown167,Unknown167@gmail.com
Sweet Cheeks Cakes & Cupcakes,155 Main St E Milton ON L9T 1N7,Guelph,(289) 971-8010,,,YellowPages.ca,1,Unknown168,Unknown168@gmail.com
La Mouette Home Bakery,337 Craigleith Dr Waterloo ON N2L 5B5,Guelph,(519) 781-6386,,,YellowPages.ca,1,Unknown169,Unknown169@gmail.com
Carlisle Bakery,1467 Centre Rd Carlisle ON L0R 1H2,Guelph,(905) 689-1960,http://www.carlislebakery.com/,,YellowPages.ca,1,Unknown170,Unknown170@gmail.com
Foodland,315 Arthur Street South Elmira ON N3B 3L5,Guelph,(519) 669-5403,http://ontario.foodland.ca/stores/elmira/,,YellowPages.ca,1,Unknown171,Unknown171@gmail.com
Animal Feed Bakery Meal NS Bauman Ltd,RR 1 St Jacobs ON N0B 2N0,Guelph,(519) 669-5447,,,YellowPages.ca,1,Unknown172,Unknown172@gmail.com
Mummy's Cakes,191 Grey Fox Dr Kitchener ON N2E 3N5,Guelph,(647) 470-5119,http://www.facebook.com/1273514882792611,,YellowPages.ca,1,Unknown173,Unknown173@gmail.com
Lourenço's Bakery,878 Weber St N Waterloo ON N2J 4G8,Guelph,(613) 851-7086,,,YellowPages.ca,1,Unknown174,Unknown174@gmail.com
Lourenço's Bakery,"878, Weber St N Waterloo ON N2J 4G8",Guelph,(519) 400-5084,http://lourencosbakery.com/,,YellowPages.ca,1,Unknown175,Unknown175@gmail.com
Hillcrest Home Baking,Floradale Elmira ON N0B 1V0,Guelph,(519) 669-1381,https://www.facebook.com/pages/Hillcrest-Home-Baking/114497805261172,,YellowPages.ca,1,Unknown176,Unknown176@gmail.com
Wildflour Bakery Ltd,191 Main St E Milton ON L9T 1N7,Guelph,(289) 878-4551,,,YellowPages.ca,1,Unknown177,Unknown177@gmail.com
Saving Thyme Catering & Patisserie,Burlington ON,Guelph,(905) 929-9955,http://www.savingthyme.ca/,,YellowPages.ca,1,Unknown178,Unknown178@gmail.com
COBS Bread,608 Santa Maria Boulevard Milton ON L9T 9L7,Guelph,(365) 877-3737,https://www.cobsbread.com/local-bakery/willmott-marketplace-milton/,,YellowPages.ca,1,Unknown179,Unknown179@gmail.com
Mom's Kitchen,309 German School Rd Paris ON N3L 3E1,Guelph,(226) 802-5848,,,YellowPages.ca,1,Unknown180,Unknown180@gmail.com
Pantry Shelf Bake Shop & Tea Room,90 Trafalgar Hillsburgh ON N0B 1Z0,Guelph,(519) 855-6378,,,YellowPages.ca,1,Unknown181,Unknown181@gmail.com
Simply Sweet Confectioneries,950 Mara Cir Milton ON L9T 6X4,Guelph,(416) 857-3407,,,YellowPages.ca,1,Unknown182,Unknown182@gmail.com
Miss Bailey Brown Chocolate,694 Bolingbroke Dr Milton ON L9T 6Z3,Guelph,(647) 773-0011,,,YellowPages.ca,1,Unknown183,Unknown183@gmail.com
San Francisco Italian Bakery Gp Ltd,374 Guelph St Georgetown ON L7G 4B7,Guelph,(905) 877-3315,,,YellowPages.ca,1,Unknown184,Unknown184@gmail.com
Special Cake Design,459 Pettit Trail Milton ON L9T 6N9,Guelph,(647) 939-7490,http://www.specialcakedesign.com/,,YellowPages.ca,1,Unknown185,Unknown185@gmail.com
Miller's Scottish Bakery,330 Guelph St Georgetown ON L7G 4B5,Guelph,(905) 877-0596,https://millersscottishbakery.com/,,YellowPages.ca,1,Unknown186,Unknown186@gmail.com
Cobs Bakery,13-280 Guelph St Halton Hills ON,Guelph,(289) 891-9109,,,YellowPages.ca,1,Unknown187,Unknown187@gmail.com
Holtom's Bakery Ltd,78 Main Erin ON N0B 1T0,Guelph,(519) 833-2326,,,YellowPages.ca,1,Unknown188,Unknown188@gmail.com
Main Street Donuts & Bakery,18 Thompson Rd S Milton ON L9T 2X5,Guelph,(905) 878-2938,http://www.facebook.com/pages/Main-Street-Donuts-Bakery/114312788615044,,YellowPages.ca,1,Unknown189,Unknown189@gmail.com
Traditional Taste Bakery & Cafe,211 Guelph St Georgetown ON L7G 5B5,Guelph,(905) 702-0081,http://www.facebook.com/pages/Traditional-Tastes-Bakery-Cafe/111079602272490,,YellowPages.ca,1,Unknown190,Unknown190@gmail.com
Bread N Batter,5-875 Main St E Milton ON L9T 3Z3,Guelph,(905) 878-1036,,,YellowPages.ca,1,Unknown191,Unknown191@gmail.com
La Vita Bakery Deli Cafe,71 Mountainview Rd N Georgetown ON L7G 4J6,Guelph,(905) 877-3511,,,YellowPages.ca,1,Unknown192,Unknown192@gmail.com
Main Street Bakery & Pizzeria,168 Main St New Dundee ON N0B 2E0,Guelph,(519) 696-2861,http://mainstreetbakery.ca/,,YellowPages.ca,1,Unknown193,Unknown193@gmail.com
Passion Bake Inc.,723 MAIN ST E MILTON ON L9T 3Z3,Guelph,(647) 915-6736,,,YellowPages.ca,1,Unknown194,Unknown194@gmail.com
La Rose Specialty Foods Inc,327 Bronte St S Milton ON L9T 4A4,Guelph,(905) 875-0303,http://www.larosebakery.com/,,YellowPages.ca,1,Unknown195,Unknown195@gmail.com
Rolke Bakery Shop,878 Weber St N Waterloo ON N2V 0H2,Guelph,(519) 404-2483,,,YellowPages.ca,1,Unknown196,Unknown196@gmail.com
A Portuguesa Bakery Ltd.,878 Weber St N Waterloo ON N2V 0H2,Guelph,(647) 244-1328,,,YellowPages.ca,1,Unknown197,Unknown197@gmail.com
Great British Bake,50 Dalegrove Dr Kitchener ON N2M 2G5,Guelph,(519) 591-5446,http://www.facebook.com/137366223616053,,YellowPages.ca,1,Unknown198,Unknown198@gmail.com
Sucrée,787 King St W Kitchener ON N2G 1E3,Guelph,(226) 281-3563,https://www.facebook.com/Sucr%C3%A9e-972605079422334/,,YellowPages.ca,1,Unknown199,Unknown199@gmail.com
Lucio?Äôs Bakery,101 Park St Kitchener ON N2G 1M5,Guelph,(226) 978-2774,,,YellowPages.ca,1,Unknown200,Unknown200@gmail.com
Noble's Classic Bakery,100 Park St Kitchener ON N2G 1M6,Guelph,(519) 744-7366,http://www.facebook.com/1703658239908221,,YellowPages.ca,1,Unknown201,Unknown201@gmail.com
Cinnabon,550 King N Toronto ON N2L 5W6,Guelph,(519) 886-0354,,,YellowPages.ca,1,Unknown202,Unknown202@gmail.com
Rainbow Caribbean Bakery,100 Frobisher Dr Waterloo ON N2V 2A1,Guelph,(905) 725-3759,,,YellowPages.ca,1,Unknown203,Unknown203@gmail.com
Petit Gateau Kitchener,634 Strasburg Rd Kitchener ON N2E 2G8,Guelph,(705) 987-2822,https://www.facebook.com/Kukkiville/,,YellowPages.ca,1,Unknown204,Unknown204@gmail.com
The Healthy Owl Bakery Cafe,620 Davenport Rd Waterloo ON N2V 2C2,Guelph,(519) 888-8265,http://www.thehealthyowl.ca/,,YellowPages.ca,1,Unknown205,Unknown205@gmail.com
Donut Queen,26-279 Weber St N Waterloo ON N2J 3H8,Guelph,(519) 576-6310,,,YellowPages.ca,1,Unknown206,Unknown206@gmail.com
Muya Bakery,215 Highland Rd W Kitchener ON N2M 3C1,Guelph,(519) 504-3488,,,YellowPages.ca,1,Unknown207,Unknown207@gmail.com
Allison's House of Cake,320 Parkvale Dr Kitchener ON N2R 1Y7,Guelph,(289) 971-6202,,,YellowPages.ca,1,Unknown208,Unknown208@gmail.com
Sproll's Fine German Bakery,1-300 Trillium Dr Kitchener ON N2E 2K6,Guelph,(519) 748-5451,http://sprollsbakery.com/,,YellowPages.ca,1,Unknown209,Unknown209@gmail.com
Phat Shawarma,"155 Highland Rd E, Main Kitchener ON N2M 3W1",Guelph,(519) 954-4999,,,YellowPages.ca,1,Unknown210,Unknown210@gmail.com
COBS Bread,255 Northfield Drive East Waterloo ON N2K 0G5,Guelph,(519) 954-2255,https://www.cobsbread.com/pages/bakeries/blackstone-bakery,,YellowPages.ca,1,Unknown211,Unknown211@gmail.com
Treetop Designs,14 Crest Haven St Kitchener ON N2P 2L6,Guelph,(226) 339-1675,http://www.treetopdesigns.ca/,,YellowPages.ca,1,Unknown212,Unknown212@gmail.com
Angel's Diner,"23 Wellington Street East, Guelph",Guelph,(519) 822-0507,http://www.angelsdiner.ca/,diner,OpenStreetMap,1,Unknown213,Unknown213@gmail.com
Grainharvest Breadhouse,1450 Block Line Rd Kitchener ON N2C 0A5,Guelph,(519) 578-0332,,,YellowPages.ca,1,Unknown214,Unknown214@gmail.com
Bitbakery Software,22 Water St S Kitchener ON N2G 4K4,Guelph,(647) 483-2678,,,YellowPages.ca,1,Unknown215,Unknown215@gmail.com
Q's Cakes And Cafe,7 Peppler St Waterloo ON N2J 3C2,Guelph,(519) 570-2233,http://www.qscakesandcafe.com/,,YellowPages.ca,1,Unknown216,Unknown216@gmail.com
The Cakesmith,508-81 York St Kitchener ON N2G 1T6,Guelph,(519) 616-4529,http://www.thecakesmith.ca/,,YellowPages.ca,1,Unknown217,Unknown217@gmail.com
Sabletine Fine Pastries,209 Lexington Rd Waterloo ON N2K 2E1,Guelph,(519) 568-7373,http://www.sabletine.com/,,YellowPages.ca,1,Unknown218,Unknown218@gmail.com
Shakespear Pies,189 Park St Waterloo ON N2L 1Y7,Guelph,(519) 954-7437,,,YellowPages.ca,1,Unknown219,Unknown219@gmail.com
COBS Bread,1270 Fischer-Hallman Rd Kitchener ON N2M 5N8,Guelph,(519) 745-5131,https://www.cobsbread.com/local-bakery/sunfish-plaza-bakery/,,YellowPages.ca,1,Unknown220,Unknown220@gmail.com
Lisboa Bakery And Grill,609-1187 Fischer Hallman Rd Kitchener ON N2E 4H9,Guelph,(519) 954-7663,http://lisboabakeryandgrill.com/,,YellowPages.ca,1,Unknown221,Unknown221@gmail.com
Stone Crock,1396 King St N St Jacobs ON N0B 2N0,Guelph,(519) 664-1513,,,YellowPages.ca,1,Unknown222,Unknown222@gmail.com
Stone Crock Bakery,1402 King St N St Jacobs ON N0B 2N0,Guelph,(519) 664-3612,http://www.stjacobs.com/,,YellowPages.ca,1,Unknown223,Unknown223@gmail.com
Kmsj Bakery,451 Phillip Waterloo ON N2L 3X2,Guelph,(519) 746-0500,,,YellowPages.ca,1,Unknown224,Unknown224@gmail.com
Saint Cinnamon Bakery Cafe,170 University Ave W Waterloo ON N2L 3E9,Guelph,(519) 888-9521,https://www.facebook.com/pages/Saint-Cinnamon-Bakery-Cafe/131899696832962,,YellowPages.ca,1,Unknown225,Unknown225@gmail.com
Reif Bakery,2-11 Westwood Dr Kitchener ON N2M 2K5,Guelph,(519) 584-1716,,,YellowPages.ca,1,Unknown226,Unknown226@gmail.com
Asian Kitchen,256B Phillip St Waterloo ON N2L 6B6,Guelph,(519) 208-8818,,,YellowPages.ca,1,Unknown227,Unknown227@gmail.com
Decadent Delights,230 Gage Ave Kitchener ON N2M 2C8,Guelph,(519) 497-4593,http://www.facebook.com/2681,,YellowPages.ca,1,Unknown228,Unknown228@gmail.com
The Sconery,675 Belmont Ave W Kitchener ON N2M 1N8,Guelph,(226) 647-4400,,,YellowPages.ca,1,Unknown229,Unknown229@gmail.com
Dempster's Bread,2-100 Bathurst Dr Waterloo ON N2V 1V6,Guelph,(519) 884-1520,,,YellowPages.ca,1,Unknown230,Unknown230@gmail.com
Honey Bake Shop,100 King St S Waterloo ON N2J 1P5,Guelph,(519) 954-0972,http://honeybakeshop.ca/,,YellowPages.ca,1,Unknown231,Unknown231@gmail.com
Poppy's Bagel And Bakery,35 King St N Waterloo ON N2J 2W9,Guelph,(519) 886-9686,,,YellowPages.ca,1,Unknown232,Unknown232@gmail.com
Winnie's Gluten-Free Kitchen,181 Park St Waterloo ON N2L 1Y7,Guelph,(519) 590-2769,https://www.facebook.com/WinniesGlutenFree/,,YellowPages.ca,1,Unknown233,Unknown233@gmail.com
Just Love Pie,"94 King St S, Main Waterloo ON N2J 1P5",Guelph,(519) 954-3141,,,YellowPages.ca,1,Unknown234,Unknown234@gmail.com
Roller Cakes,14318 Creditview Rd Cheltenham ON L7C 1N4,Guelph,(416) 710-0440,http://www.facebook.com/188563554611176,,YellowPages.ca,1,Unknown235,Unknown235@gmail.com
Cakesbycelia,14377 Chinguacousy Rd Cheltenham ON L7C 3H5,Guelph,(647) 883-4168,https://www.facebook.com/CakesbyCeliaCaledon/,,YellowPages.ca,1,Unknown236,Unknown236@gmail.com
Beyond The Batter,312 Dundas St E Waterdown ON L9H 7K7,Guelph,(905) 690-2050,http://beyondthebatter.com/,,YellowPages.ca,1,Unknown237,Unknown237@gmail.com
The Paris Bakery And Tipperary Bog Cheese Shop,81 Grand River St N Paris ON N3L 2M3,Guelph,(519) 442-6010,http://parisbakery.ca/,,YellowPages.ca,1,Unknown238,Unknown238@gmail.com
SaSa Sweet Delights,1232 Northside Rd Burlington ON L7M 1H6,Guelph,(905) 334-7743,,,YellowPages.ca,1,Unknown239,Unknown239@gmail.com
Sugar & Spice Bakery,31 Mechanic St Paris ON N3L 1K1,Guelph,(519) 717-2788,,,YellowPages.ca,1,Unknown240,Unknown240@gmail.com
Ready Bake Foods Inc,2095 Meadowvale Blvd Mississauga ON L5N 5N1,Guelph,(905) 567-0660,http://www.westonfoods.ca/hpPopup-readyBake.php,,YellowPages.ca,1,Unknown241,Unknown241@gmail.com
Artisano Bakery Cafe,1200 Brant St Burlington ON L7P 5C6,Guelph,(905) 335-9300,http://www.lemongrassrestaurant.ca/,,YellowPages.ca,1,Unknown242,Unknown242@gmail.com
Oviyam Cakes,13 Chilliwack Grove Brampton ON L6X 2Y4,Guelph,(416) 270-9525,https://www.facebook.com/Oviyamcakes/,,YellowPages.ca,1,Unknown243,Unknown243@gmail.com
Sams Grand Bakers Inc,9-230 Sandalwood Pky E Brampton ON L6Z 1R3,Guelph,(905) 970-9992,http://www.kravingsbakeshop.com/,,YellowPages.ca,1,Unknown244,Unknown244@gmail.com
Passion for Parties and Cakes,Mississauga ON L5M 7G7,Guelph,(289) 997-4151,https://www.facebook.com/kattycakestudio/,,YellowPages.ca,1,Unknown245,Unknown245@gmail.com
Paris Bakery,81 Grand River St N Paris ON N3L 2M3,Guelph,(519) 302-5500,http://www.parisbakery.ca/,,YellowPages.ca,1,Unknown246,Unknown246@gmail.com
Nannu's Pastizzi Maltese Cuisine & Baked Goods,6981 Millcreek Drive Mississauga ON L5N 6B8,Guelph,(905) 542-4999,,,YellowPages.ca,1,Unknown247,Unknown247@gmail.com
Just 1 More,374 Brantwood Park Rd Brantford ON N3P 1K7,Guelph,(519) 771-4767,,,YellowPages.ca,1,Unknown248,Unknown248@gmail.com
Divine Cookies Ltd.,"108 Little Britain Cres, 2601 Mathewson Blvd E Pick Up Location Brampton ON L6Y 6A9",Guelph,(416) 451-7892,https://www.facebook.com/divinecookiestoronto/,,YellowPages.ca,1,Unknown249,Unknown249@gmail.com
B's Truly Couture Cupcakes,6003 Tenth Line W Mississauga ON L5N 5S5,Guelph,(416) 697-4372,http://www.btccupcakes.com/,,YellowPages.ca,1,Unknown250,Unknown250@gmail.com
La Stazione Italian Bakery Deli & Cafe,6900 Millcreek Dr Mississauga ON L5N 6C1,Guelph,(905) 813-8371,,,YellowPages.ca,1,Unknown251,Unknown251@gmail.com
Pink Flower Cakes,1412 Thornton Rd Burlington ON L7M 1N5,Guelph,(905) 962-2771,https://www.facebook.com/PinkFlowerCakes,,YellowPages.ca,1,Unknown252,Unknown252@gmail.com
Clarke's Home Style Bakery Ltd,2049 Mount Forest Dr Burlington ON L7P 1H4,Guelph,(905) 319-1520,https://www.facebook.com/ClarkesHomestyleBakery/,,YellowPages.ca,1,Unknown253,Unknown253@gmail.com
Britannia Italian Bakery,5925 Grossbeak Dr Mississauga ON L5N 6S5,Guelph,(905) 824-1924,http://britanniabakery.ca/,,YellowPages.ca,1,Unknown254,Unknown254@gmail.com
San Agostino Bakery & Delicatessen,A8 181 Lynden Road Brantford ON N3R 8A7,Guelph,(905) 512-0140,,,YellowPages.ca,1,Unknown255,Unknown255@gmail.com
Little Paris Bread Co.,32 Dundas St W Paris ON N3L 1G2,Guelph,(226) 922-9393,,,YellowPages.ca,1,Unknown256,Unknown256@gmail.com
M.Confiserie,5935 Bassinger Pl Mississauga ON L5M 6K4,Guelph,(647) 542-4873,https://www.facebook.com/MConfiserie-2186000121633387/,,YellowPages.ca,1,Unknown257,Unknown257@gmail.com
Flour Child Bakery Inc.,6-1163 King Rd Burlington ON L7T 0B4,Guelph,(905) 869-3918,http://www.flourchildbakery.ca/,,YellowPages.ca,1,Unknown258,Unknown258@gmail.com
Caniche French Bakery,346 Wilson E Ancaster ON L9G 2C2,Guelph,(289) 239-7475,,,YellowPages.ca,1,Unknown259,Unknown259@gmail.com
Sweet Bakery Cafe Inc,403 Fairview Dr Brantford ON N3R 6T2,Guelph,(519) 753-2211,,,YellowPages.ca,1,Unknown260,Unknown260@gmail.com
Karpaty Fine Foods Inc.,20 Polonia Ave Brampton ON L6Y 0K9,Guelph,(905) 455-4664,http://www.facebook.com/608002699404268,,YellowPages.ca,1,Unknown261,Unknown261@gmail.com
La Creme Cakes,25 Fisherman Dr Brampton ON L7A 1C9,Guelph,(905) 846-9333,http://www.lacremecakes.com/,,YellowPages.ca,1,Unknown262,Unknown262@gmail.com
Palidot Bakery,9-190 Bovaird Dr W Brampton ON L7A 1A2,Guelph,(905) 451-3779,,,YellowPages.ca,1,Unknown263,Unknown263@gmail.com
Karpaty Market,59-190 Bovaird Dr W Brampton ON L7A 1A2,Guelph,(905) 451-0221,,,YellowPages.ca,1,Unknown264,Unknown264@gmail.com
Whisk Me Away,Toronto ON L5M 6J8,Guelph,(647) 989-2492,https://www.facebook.com/WhiskMeAwayBakery/,,YellowPages.ca,1,Unknown265,Unknown265@gmail.com
Sprinkly Yours,29 Francis Lundy St Brampton ON L6Y 5W3,Guelph,(647) 523-5642,http://www.facebook.com/1572468196350963,,YellowPages.ca,1,Unknown266,Unknown266@gmail.com
Cafe Carthago,5470 Tasha Dr Mississauga ON L5M 6N5,Guelph,(905) 337-8666,http://sweetscarlett.ca/,,YellowPages.ca,1,Unknown267,Unknown267@gmail.com
San Agostino Italian Bakery & Fine Foods,175 Lynden Rd Suite A8 Brantford ON N3R 8A7,Guelph,(519) 754-5454,,,YellowPages.ca,1,Unknown268,Unknown268@gmail.com
Shirinmahal,20 Red Maple Dr Brampton ON L6X 4N7,Guelph,(905) 452-6231,https://www.facebook.com/pages/Shirin-Mahal/2054897381395277,,YellowPages.ca,1,Unknown269,Unknown269@gmail.com
Julia's Joyful Kitchen,388 Switchgrass St Oakville ON L6M 0Z3,Guelph,(905) 399-7482,,,YellowPages.ca,1,Unknown270,Unknown270@gmail.com
Heritage Burgers,1481 Main St W Hamilton ON L8S 1E1,Guelph,(905) 572-6354,http://www.facebook.com/737406666420344,,YellowPages.ca,1,Unknown271,Unknown271@gmail.com
Sweet Ideas,3496 Ketelbey Crt Burlington ON L7M 3B4,Guelph,(905) 635-9514,,,YellowPages.ca,1,Unknown272,Unknown272@gmail.com
COBS Bread,2501 Third Line Oakville ON L6M 5A9,Guelph,,https://www.cobsbread.com/local-bakery/foxcreek-plaza-oakville,,YellowPages.ca,1,Unknown273,Unknown273@gmail.com
Amato Bakery,4-10 Lormel Gate Brampton ON L7A 2K7,Guelph,(905) 840-5528,,,YellowPages.ca,1,Unknown274,Unknown274@gmail.com
Lamia's Confectionary,Oakville ON L6M 5H3,Guelph,(905) 483-0644,,,YellowPages.ca,1,Unknown275,Unknown275@gmail.com
Flourpower,17 Main St S Waterdown ON L0R 2H0,Guelph,(289) 895-8000,,,YellowPages.ca,1,Unknown276,Unknown276@gmail.com
COBS Bread,3450 Dundas Street Burlington ON L7M 4B8,Guelph,(905) 336-9098,https://www.cobsbread.com/local-bakery/headon-forest-burlington/,,YellowPages.ca,1,Unknown277,Unknown277@gmail.com
Sweet C's,Brampton ON L6X 3B1,Guelph,(647) 997-5306,,,YellowPages.ca,1,Unknown278,Unknown278@gmail.com
Village Bakery Dundas,104 King W Dundas ON L9H 1T9,Guelph,(905) 627-7979,http://www.thevillagebakery.com/,,YellowPages.ca,1,Unknown279,Unknown279@gmail.com
Hss Cake Designs,57-6950 Tenth Line W Mississauga ON L5N 6Y1,Guelph,(647) 295-7326,,,YellowPages.ca,1,Unknown280,Unknown280@gmail.com
"Cakes, Cup Cakes And Cake Pops",25 Fidelity Ave Brampton ON L7A 2S5,Guelph,(905) 495-3932,http://www.facebook.com/112064285606220,,YellowPages.ca,1,Unknown281,Unknown281@gmail.com
Canadian European Bakery & Delicatessen,2980 Crosscurrent Dr Mississauga ON L5N 7C7,Guelph,(905) 824-4422,http://www.facebook.com/281705178827143,,YellowPages.ca,1,Unknown282,Unknown282@gmail.com
Vic Caters & Bakery,2920 Headon Forest Dr Burlington ON L7M 4H1,Guelph,(905) 802-7004,,,YellowPages.ca,1,Unknown283,Unknown283@gmail.com
Symphony Desserts,2 Chinzan Way Brampton ON L6X 0X3,Guelph,(647) 242-8398,https://www.facebook.com/symphonydesserts/,,YellowPages.ca,1,Unknown284,Unknown284@gmail.com
Rivercroft Bake Shop,885 Lower Base Line West Milton ON L9T 8C3,Guelph,(647) 988-8738,,,YellowPages.ca,1,Unknown285,Unknown285@gmail.com
Nannu's Pastizzi Maltese Cuisine & Baked Goods,1-6981 Millcreek Dr Mississauga ON L5N 6B8,Guelph,(905) 542-4999,,,YellowPages.ca,1,Unknown286,Unknown286@gmail.com
Cobs Bread,18B-3450 Dundas Burlington ON L7M 4B8,Guelph,(905) 336-9098,http://www.cobsbread.com/local-bakery/headon-forest,,YellowPages.ca,1,Unknown287,Unknown287@gmail.com
Hotti Biscotti,1008 King St W At Marion North Dundas ON L9H 6X5,Guelph,(905) 389-7244,http://www.princeetprincessedunjour.com/,,YellowPages.ca,1,Unknown288,Unknown288@gmail.com
The Brick Oven Bakery Ltd,2501 Guelph Line Burlington ON L7M 2A3,Guelph,(905) 336-2799,http://thebrickovenbakery.ca/,,YellowPages.ca,1,Unknown289,Unknown289@gmail.com
The Cooksista,27 Brydale Crt Dundas ON L9H 7R9,Guelph,(289) 938-2468,,,YellowPages.ca,1,Unknown290,Unknown290@gmail.com
Satkar Transport Inc,92 Crown Victoria Dr Brampton ON L7A 3X6,Guelph,(647) 294-2326,http://www.facebook.com/152559095508740,,YellowPages.ca,1,Unknown291,Unknown291@gmail.com
Baked,Cactus Gate Mississauga ON L5N 8A5,Guelph,(647) 678-5388,,,YellowPages.ca,1,Unknown292,Unknown292@gmail.com
Sweet Paradise Bakery,419 Dundas Street East Waterdown ON L8B 0K4,Guelph,(905) 689-8007,http://sweetparadise.ca/,,YellowPages.ca,1,Unknown293,Unknown293@gmail.com
La Cup Cake Boutique,2500 Appleby Line Burlington ON L7L 0A2,Guelph,(905) 332-8700,http://www.lacupcake.ca/,,YellowPages.ca,1,Unknown294,Unknown294@gmail.com
Perfectly Baked,14716 McLaughlin Rd Cheltenham ON L7C 2A5,Guelph,(416) 970-4279,https://www.facebook.com/perfectlybaked.ca/,,YellowPages.ca,1,Unknown295,Unknown295@gmail.com
Ya'd Never Know Bakery,2-2 King St W Dundas ON L9H 6Z1,Guelph,(905) 628-2335,http://yadneverknow.com/,,YellowPages.ca,1,Unknown296,Unknown296@gmail.com
Cakes By Anshu,61 Ridgemore Cres Brampton ON L7A 2L5,Guelph,(416) 731-9245,http://www.facebook.com/1165332026819031,,YellowPages.ca,1,Unknown297,Unknown297@gmail.com
Dolled Up Cupcakes,6550 Meadowvale Town Centre Circle Mississauga ON L5N 4B7,Guelph,(905) 817-0888,http://www.dolledupcupcakes.com/,,YellowPages.ca,1,Unknown298,Unknown298@gmail.com
Sharde Brooks,2900 Battleford Rd Mississauga ON L5N 2V9,Guelph,(905) 826-6288,http://www.facebook.com/1358379544240924,,YellowPages.ca,1,Unknown299,Unknown299@gmail.com
Decadence,Brampton ON L7A 1X3,Guelph,(647) 627-7020,,,YellowPages.ca,1,Unknown300,Unknown300@gmail.com
Cake Fairy,9 Delphinium Way Brampton ON L7A 0N4,Guelph,(905) 970-0515,https://www.facebook.com/Cake-fairy-105322023447925/,,YellowPages.ca,1,Unknown301,Unknown301@gmail.com
Tria Café & Bakery,110-2525 Old Bronte Rd Oakville ON L6M 4J2,Guelph,(905) 582-4280,http://www.triacafeandbakery.com/,,YellowPages.ca,1,Unknown302,Unknown302@gmail.com
Old Bagel House,120-101 Osler Dr Dundas ON L9H 4H4,Guelph,(905) 627-5299,http://www.greatcanadianbagel.com/,,YellowPages.ca,1,Unknown303,Unknown303@gmail.com
S'N's Cakes,20 Speedwell St Brampton ON L6X 2Z1,Guelph,(647) 955-8911,https://www.facebook.com/SnS-Cakes-909108429154261/,,YellowPages.ca,1,Unknown304,Unknown304@gmail.com
Heather Cookie Co.,1369 Janina Blvd Burlington ON L7P 1K5,Guelph,(416) 938-7381,,,YellowPages.ca,1,Unknown305,Unknown305@gmail.com
Kowalski BREAD,3023 Saint Malo Cir Mississauga ON L5N 1T1,Guelph,(647) 299-3121,https://www.facebook.com/kowalskibread/,,YellowPages.ca,1,Unknown306,Unknown306@gmail.com
Rashmi's Bakery,110 Pertosa Drive Brampton ON L6X 5E9,Guelph,(905) 970-0666,http://www.rashmisbakery.com/,,YellowPages.ca,1,Unknown307,Unknown307@gmail.com
Golden Cake,3302 Trelawny Cir Mississauga ON L5N 5G9,Guelph,(647) 781-6880,https://www.facebook.com/goldencakesandsweets/,,YellowPages.ca,1,Unknown308,Unknown308@gmail.com
Ray Third Bistro Bakery,1475 Queen St Alton ON L7K 0E4,Guelph,(519) 941-6121,,,YellowPages.ca,1,Unknown309,Unknown309@gmail.com
True North Pet Bakery,2253 Mountain Grove Ave Burlington ON L7P 2H8,Guelph,(905) 691-3176,,,YellowPages.ca,1,Unknown310,Unknown310@gmail.com
Cookies By Design,G101-85 Montpelier St Brampton ON L6Y 6H4,Guelph,(905) 451-2232,https://www.cookiesbydesign.ca/locations/ontario/brampton/l6y6h4_501.aspx,,YellowPages.ca,1,Unknown311,Unknown311@gmail.com
Cake House,9466 Creditview Rd Brampton ON L6X 3B6,Guelph,(905) 997-0960,,,YellowPages.ca,1,Unknown312,Unknown312@gmail.com
Papiala House Suits And Restaurants,305 Royal West Dr Brampton ON L6X 5K8,Guelph,(905) 451-2015,http://patialahouseinfo.ca/,,YellowPages.ca,1,Unknown313,Unknown313@gmail.com
Biryani Culture,3 Sidford Rd Brampton ON L7A 0P8,Guelph,(647) 518-2619,https://www.facebook.com/www.biryaniculture.ca/,,YellowPages.ca,1,Unknown314,Unknown314@gmail.com
Nougat Bakery And Delicatessen,248 Stirling Ave S Kitchener ON N2G 4L1,Guelph,(519) 570-1303,https://www.facebook.com/nougat.ca,,YellowPages.ca,1,Unknown315,Unknown315@gmail.com
Punjabi By Nature,57-8887 The Gore Rd Brampton ON L6P 2K9,Guelph,(905) 794-4667,,,YellowPages.ca,1,Unknown316,Unknown316@gmail.com
The Brothers Indian Street Food,7491 Nashville Rd Kleinburg ON L0J 1C0,Guelph,(647) 410-0816,,,YellowPages.ca,1,Unknown317,Unknown317@gmail.com
Desi Tadkaa,101-538 Highway 8 Stoney Creek ON L8G 5G2,Guelph,(905) 930-7275,,,YellowPages.ca,1,Unknown318,Unknown318@gmail.com
Royal tandoori Indian Cusine,438 Highway 8 Stoney Creek ON L8G 1G3,Guelph,(289) 700-2798,http://www.facebook.com/560279404324200,,YellowPages.ca,1,Unknown319,Unknown319@gmail.com
Blue Ice Lounge,3-1590 Dundas St E Mississauga ON L4X 2Z2,Guelph,(647) 718-2470,http://www.blueicelounge.com/,,YellowPages.ca,1,Unknown320,Unknown320@gmail.com
The Brampton Nilgiris Inc,4525 Ebenezer Rd Brampton ON L6P 2K8,Guelph,(905) 794-7444,http://nilgiristoronto.ca/,,YellowPages.ca,1,Unknown321,Unknown321@gmail.com
Tropical Nights Restaurant,1105 Queensway E Mississauga ON L4Y 4C1,Guelph,(905) 848-6857,http://www.tropicalnights.ca/,,YellowPages.ca,1,Unknown322,Unknown322@gmail.com
Bengali Kitchen Toronto,7105 Harwick Dr Mississauga ON L4T 3A5,Guelph,(905) 956-2285,https://www.facebook.com/swagata.halder94/,,YellowPages.ca,1,Unknown323,Unknown323@gmail.com
Prem Sweets & Restaurant,4550 Ebenezer Rd Brampton ON L6P 2R2,Guelph,(905) 794-1233,http://www.premsweets.ca/,,YellowPages.ca,1,Unknown324,Unknown324@gmail.com
Hakka Urban Bistro,13-8280 Hwy 27 Woodbridge ON L4H 0R9,Guelph,(905) 856-2422,,,YellowPages.ca,1,Unknown325,Unknown325@gmail.com
Nilkanth Foods,43-8887 The Gore Rd Brampton ON L6P 2K9,Guelph,(647) 430-0648,https://www.facebook.com/Nilkanth-Foods-613158782039791/,,YellowPages.ca,1,Unknown326,Unknown326@gmail.com
Bombay To Go,59 Lakeshore Rd E Mississauga ON L5G 1C9,Guelph,(905) 990-1110,,,YellowPages.ca,1,Unknown327,Unknown327@gmail.com
Indian Cuisine By The Lake,56A Lakeshore Rd E Mississauga ON L5G 1E1,Guelph,(905) 891-3333,http://www.indiancuisinebythelake.com/,,YellowPages.ca,1,Unknown328,Unknown328@gmail.com
Eclipse Advantage Canada Inc,3415 Dixie Rd Mississauga ON L4Y 2B1,Guelph,(416) 419-5222,http://www.facebook.com/1927684587559614,,YellowPages.ca,1,Unknown329,Unknown329@gmail.com
Chaska,2325 Matheson Blvd E Mississauga ON L4W 5B3,Guelph,(905) 292-0707,,,YellowPages.ca,1,Unknown330,Unknown330@gmail.com
Kebob,3417 Derry Rd E Mississauga ON L4T 1A8,Guelph,(905) 678-2324,http://www.thekebob.com/,,YellowPages.ca,1,Unknown331,Unknown331@gmail.com
New Cane Grove,3417 Derry Rd E Mississauga ON L4T 1A8,Guelph,(905) 677-3335,http://www.facebook.com/123165378548080,,YellowPages.ca,1,Unknown332,Unknown332@gmail.com
Tandoori Time,1727 Albion Rd Etobicoke ON M9V 4J9,Guelph,(416) 742-7272,http://www.tandooritime.com/,,YellowPages.ca,1,Unknown333,Unknown333@gmail.com
Harihar Thal,6230 Finch Ave W Toronto ON M9V 0A1,Guelph,(647) 833-2192,,,YellowPages.ca,1,Unknown334,Unknown334@gmail.com
Firangi,2880 QueenE Brampton ON L6S 6E8,Guelph,(905) 791-7678,http://www.firangi.org#modern-organic-thai,,YellowPages.ca,1,Unknown335,Unknown335@gmail.com
Indian Kitchen King & Puja Hut,1062 Albion Rd Etobicoke ON M9V 1A7,Guelph,(416) 742-4777,http://kitchenandpujahut.com/,,YellowPages.ca,1,Unknown336,Unknown336@gmail.com
Bombay On The Lake,3007 Lake Shore Blvd W Etobicoke ON M8V 1K2,Guelph,(416) 850-3721,http://www.bombayonthelake.ca/,,YellowPages.ca,1,Unknown337,Unknown337@gmail.com
Deccan Gusto,Woodbridge ON,Guelph,(905) 605-9015,,,YellowPages.ca,1,Unknown338,Unknown338@gmail.com
Peppers West Indian Takeout & Catering Ltd,3027 Islington Ave North York ON M9L 2K9,Guelph,(416) 789-4626,,,YellowPages.ca,1,Unknown339,Unknown339@gmail.com
Roti Palace of India,3321 Bloor St W Etobicoke ON M8X 1E7,Guelph,(416) 233-2217,http://www.rotipalaceofindia.ca/,,YellowPages.ca,1,Unknown340,Unknown340@gmail.com
Masala Bites,827 Albion Rd Etobicoke ON M9V 1A3,Guelph,(416) 743-5400,,,YellowPages.ca,1,Unknown341,Unknown341@gmail.com
Dosa Twist,827 Albion Rd Etobicoke ON M9V 1A3,Guelph,(416) 901-1213,,,YellowPages.ca,1,Unknown342,Unknown342@gmail.com
Roti Roti Restaurant,979 Albion Rd Etobicoke ON M9V 1A6,Guelph,(416) 745-9208,,,YellowPages.ca,1,Unknown343,Unknown343@gmail.com
Brar Sweets & Restaurant,2646 Islington Ave Etobicoke ON M9V 2X5,Guelph,(416) 745-4449,http://www.vegguide.org/,,YellowPages.ca,1,Unknown344,Unknown344@gmail.com
Tinnels West Indian Take Out,6210 Finch Ave W Toronto ON M9V 0A1,Guelph,(416) 741-3519,,,YellowPages.ca,1,Unknown345,Unknown345@gmail.com
Taste Of Bombay,2642A Islington Ave Etobicoke ON M9V 2X5,Guelph,(416) 519-6605,http://tasteofbombay.co.uk/,,YellowPages.ca,1,Unknown346,Unknown346@gmail.com
Karahi Point,2642 Islington Ave Etobicoke ON M9V 2X5,Guelph,(416) 746-6555,http://karahipoint.com/,,YellowPages.ca,1,Unknown347,Unknown347@gmail.com
Madras Dosa Hut,1123 Albion Road Toronto ON M9V 4J7,Guelph,(416) 677-3672,http://www.madrasdosahut.com/,,YellowPages.ca,1,Unknown348,Unknown348@gmail.com
Dosa Darbar,1150 Albion Rd Etobicoke ON M9V 1A8,Guelph,(416) 740-9009,http://www.dosadarbar.com/,,YellowPages.ca,1,Unknown349,Unknown349@gmail.com
Mehfil Indian Restaurant,1-2687 Kipling Ave Etobicoke ON M9V 5G6,Guelph,(647) 346-4444,https://mehfillindian.com/location/Etobicoke/,,YellowPages.ca,1,Unknown350,Unknown350@gmail.com
Nantha Caters,18-5010 Steeles Ave W Woodbridge ON M9V 5C6,Guelph,(416) 626-8421,,,YellowPages.ca,1,Unknown351,Unknown351@gmail.com
Tandoori Bites,2140 Kipling Ave Etobicoke ON M9W 4K5,Guelph,(416) 840-0150,http://www.facebook.com/pages/Tandoori-Bites/113675375324028,,YellowPages.ca,1,Unknown352,Unknown352@gmail.com
Biryani Villa,7205 Goreway Dr Mississauga ON L4T 2T9,Guelph,(905) 405-1419,https://www.tripadvisor.ca/Restaurant_Review-g154996-d23219752-Reviews-The_Biryani_Walla-Mississauga_Ontario.html,,YellowPages.ca,1,Unknown353,Unknown353@gmail.com
Bombay Clouds,7205 Goreway Dr Mississauga ON L4T 2T9,Guelph,(416) 893-1849,https://www.facebook.com/Bombayclouds/,,YellowPages.ca,1,Unknown354,Unknown354@gmail.com
J And M Roti Express,1530 Maingate Drive Mississauga ON L4W 4V8,Guelph,(905) 625-7775,http://www.shandrasrotishop.ca/,,YellowPages.ca,1,Unknown355,Unknown355@gmail.com
Mela Kitchen,1714 Lakeshore Rd W Mississauga ON L5J 1J5,Guelph,(905) 919-1374,http://www.mangorain.ca/,,YellowPages.ca,1,Unknown356,Unknown356@gmail.com
Authentic Kolkata Biriyani ( AKB ),99 Dundas St E ON L5A 1W7,Guelph,(519) 701-3663,,,YellowPages.ca,1,Unknown357,Unknown357@gmail.com
Bhaijaan Grill Sweets & Halal Restaurant,99 Dundas St E Mississauga ON L5A 1W7,Guelph,(905) 232-0565,http://www.bhaijaanzgrill.ca/,,YellowPages.ca,1,Unknown358,Unknown358@gmail.com
Punjaabi By Royal Paan,1400 AimcO Blvd Mississauga ON L4W 1B2,Guelph,(905) 238-0666,,,YellowPages.ca,1,Unknown359,Unknown359@gmail.com
Tabaq Restaurant,2580 Shepard Ave Mississauga ON L5A 4K3,Guelph,(905) 279-2345,http://www.apnatoronto.com/,,YellowPages.ca,1,Unknown360,Unknown360@gmail.com
Tasty Bite Restaurant,7079 Torbram Rd Mississauga ON L4T 1G7,Guelph,(905) 612-8100,http://tastybite.com/,,YellowPages.ca,1,Unknown361,Unknown361@gmail.com
Bajwa's Indian Restaurant,7310 Torbram Rd Mississauga ON L4T 3X2,Guelph,(905) 671-1717,http://www.switzersdeli.com/,,YellowPages.ca,1,Unknown362,Unknown362@gmail.com
Real Authentic Jamaican Restaurant & Bar,16-7385 Torbram Rd Mississauga ON L4T 3Y9,Guelph,(905) 673-6737,http://www.facebook.com/1603733536517367,,YellowPages.ca,1,Unknown363,Unknown363@gmail.com
Punjabi By Nature,13 EdvacDr Brampton ON L6S 5W6,Guelph,(905) 790-0190,,,YellowPages.ca,1,Unknown364,Unknown364@gmail.com
Tandoori Niwala,"1-7215 Goreway Dr, (Suite D05) Mississauga ON L4T 0B4",Guelph,(647) 612-6126,,,YellowPages.ca,1,Unknown365,Unknown365@gmail.com
Savana Restaurant & Lounge,5825 Dixie Rd Mississauga ON L4W 4V7,Guelph,(905) 564-3466,http://www.savanarestaurant.com/,,YellowPages.ca,1,Unknown366,Unknown366@gmail.com
Ira North Indian Lunch & Dinner Takeaway,1409-25 Fairview Rd W Mississauga ON L5B 3Y8,Guelph,(647) 381-2999,http://www.facebook.com/1565158863814205,,YellowPages.ca,1,Unknown367,Unknown367@gmail.com
Bhogi - House Of Biryani & Pulao,5977 Dixie Rd Mississauga ON L4W 1E8,Guelph,(905) 766-0150,,,YellowPages.ca,1,Unknown368,Unknown368@gmail.com
Grand Taj,90 Maritime Ontario Blvd Brampton ON L6S 0E7,Guelph,(905) 790-5005,,,YellowPages.ca,1,Unknown369,Unknown369@gmail.com
Gray Jay Inc,7-2565 Steeles Ave E Brampton ON L6T 4L6,Guelph,(905) 230-7776,,,YellowPages.ca,1,Unknown370,Unknown370@gmail.com
Khazana,9121 Airport Rd Brampton ON L6S 0B8,Guelph,(905) 789-8738,http://www.facebook.com/1904281193149645,,YellowPages.ca,1,Unknown371,Unknown371@gmail.com
Bombay Garden Sweets & Restaurant,2565 Steeles Ave E Brampton ON L6T 4L6,Guelph,(905) 794-4000,http://www.facebook.com/1063100297119396,,YellowPages.ca,1,Unknown372,Unknown372@gmail.com
Chan Pani Hamilton,3-2372 Barton St E Hamilton ON L8E 2W7,Guelph,(289) 396-2662,,,YellowPages.ca,1,Unknown373,Unknown373@gmail.com
Avsar Indian Restaurant,5150 Dixie Rd Mississauga ON L4W 1C9,Guelph,(905) 602-9594,,,YellowPages.ca,1,Unknown374,Unknown374@gmail.com
Royal Jasmine,5165 Dixie Rd Mississauga ON L4W 4G1,Guelph,(905) 602-0583,http://royaljasmine.ca/,,YellowPages.ca,1,Unknown375,Unknown375@gmail.com
Kerala Curry House,5120 Dixie Rd Mississauga ON L4W 4J7,Guelph,(905) 282-9111,,,YellowPages.ca,1,Unknown376,Unknown376@gmail.com
Ocean Palate Brampton,10910 Goreway Dr Brampton ON L6P 4N4,Guelph,(905) 913-4777,,,YellowPages.ca,1,Unknown377,Unknown377@gmail.com
GODAVARI - South Indian Grandma's Kitchen,680 Silver Creek Blvd Mississauga ON L5A 3Z1,Guelph,(905) 566-5922,http://www.godavari.ca/,,YellowPages.ca,1,Unknown378,Unknown378@gmail.com
Sha's Restaurant,3-3233 Brandon Gate Dr Mississauga ON L4T 3V8,Guelph,(905) 956-2446,http://www.facebook.com/212318692180237,,YellowPages.ca,1,Unknown379,Unknown379@gmail.com
Sardarji Grill,1975 Cottrelle Blvd Brampton ON L6P 2Z8,Guelph,(905) 913-2002,,,YellowPages.ca,1,Unknown380,Unknown380@gmail.com
Indian Kadhai Sweets Restaurants Inc,1975 Cottrelle Blvd Brampton ON L6P 2Z8,Guelph,(905) 913-1306,http://www.facebook.com/764912263644727,,YellowPages.ca,1,Unknown381,Unknown381@gmail.com
Habibi Lounge,2921 Derry Rd E Mississauga ON L4T 1A6,Guelph,(905) 956-6333,http://www.habibilounge.ca/,,YellowPages.ca,1,Unknown382,Unknown382@gmail.com
Sweet India Restaurant,7126 Airport Rd Mississauga ON L4T 2H1,Guelph,(905) 673-0041,http://www.sweetindia.com/,,YellowPages.ca,1,Unknown383,Unknown383@gmail.com
Chat Hut Sweets & Restaurant,7106 Airport Rd Mississauga ON L4T 2G8,Guelph,(905) 672-2428,http://chathut.ca/,,YellowPages.ca,1,Unknown384,Unknown384@gmail.com
Royal Paan,7136 Airport Rd Mississauga ON L4T 2H1,Guelph,(905) 673-7226,http://www.royalpaan.ca/,,YellowPages.ca,1,Unknown385,Unknown385@gmail.com
Chaska Indian Street Food Obsession,2325 Matheson Blvd E Mississauga ON L4W 5B3,Guelph,(905) 282-0707,http://www.chaska.com/,,YellowPages.ca,1,Unknown386,Unknown386@gmail.com
Himalaya Restaurant The,3-160 Centennial Pky N Hamilton ON L8E 1H9,Guelph,(905) 578-7400,https://www.facebook.com/pages/The-Himalya-Restaurant/144141972287493,,YellowPages.ca,1,Unknown387,Unknown387@gmail.com
Eat Way Of India,7454 Airport Rd Mississauga ON L4T 2H5,Guelph,(905) 405-1100,,,YellowPages.ca,1,Unknown388,Unknown388@gmail.com
Zauq Pakistani-Indian Hakka Cuisine,12-1325 Eglinton Ave E Mississauga ON L4W 4L9,Guelph,(905) 625-7786,http://www.zauq.ca/,,YellowPages.ca,1,Unknown389,Unknown389@gmail.com
Carribean Routi and Curry,5130 Dixie Rd Mississauga ON L4W 4K2,Guelph,(905) 282-0651,,,YellowPages.ca,1,Unknown390,Unknown390@gmail.com
Caribbean Roti & Curry,5130 Dixie Rd Mississauga ON L4W 4K2,Guelph,(905) 282-9358,http://www.caribbean-food-and-recipes.com/chicken-roti.html,,YellowPages.ca,1,Unknown391,Unknown391@gmail.com
Chutneys,3077 Bloor St W Etobicoke ON M8X 1C7,Guelph,(416) 231-9655,https://www.facebook.com/pages/Chutneys-Fine-Indian-Cuisine/446947392007036,,YellowPages.ca,1,Unknown392,Unknown392@gmail.com
Chutneys,3077 Bloor W Etobicoke ON M8X 1C7,Guelph,(647) 430-7851,http://www.chutneysrestaurant.com/,,YellowPages.ca,1,Unknown393,Unknown393@gmail.com
Tandoor Palace & Bar,2471 Finch Ave W North York ON M9M 2G1,Guelph,(416) 740-7732,http://tandooripalace.ca/,,YellowPages.ca,1,Unknown394,Unknown394@gmail.com
Nataraj Indian Cuisine,630 Bloor St W Toronto ON M6G 1K7,Guelph,(416) 928-2925,,,YellowPages.ca,1,Unknown395,Unknown395@gmail.com
Indian Rice Factory,414 Dupont St Toronto ON M5R 1V9,Guelph,(647) 748-2424,http://www.indianricefactory.com/,,YellowPages.ca,1,Unknown396,Unknown396@gmail.com
Colaba Junction,410 Bathurst St Toronto ON M5T 2S6,Guelph,(416) 972-6560,,,YellowPages.ca,1,Unknown397,Unknown397@gmail.com
SRIDEVI SOUTH INDIAN RESTAURANT,551 Bloor St W Toronto ON M5S 1Y6,Guelph,(416) 588-6184,,,YellowPages.ca,1,Unknown398,Unknown398@gmail.com
The Indian Thing,638 Queen Street West Toronto ON M6J 1E4,Guelph,(416) 364-3408,http://www.theindianthing.ca/,,YellowPages.ca,1,Unknown399,Unknown399@gmail.com
Annapurna Vegetarian Restaurant,1085 Bathurst St Toronto ON M5R 3G8,Guelph,(416) 537-8513,http://www.annapurna.ca/,,YellowPages.ca,1,Unknown400,Unknown400@gmail.com
Namaste India,"606 Bloor St W, Main Toronto ON M6G 1K4",Guelph,(416) 551-7079,,,YellowPages.ca,1,Unknown401,Unknown401@gmail.com
Barkat Indian Restaurant,712 Queen St W Toronto ON M6J 1E8,Guelph,(416) 363-8777,,,YellowPages.ca,1,Unknown402,Unknown402@gmail.com
Paldo Gangsan,694 Bloor St W Toronto ON M6G 1L4,Guelph,(416) 536-7517,https://www.facebook.com/pages/Paldo-Gangsan/151550281551294,,YellowPages.ca,1,Unknown403,Unknown403@gmail.com
Indian Grill,"A, 108 Ossington Ave Toronto ON M6J 2Z4",Guelph,(647) 347-6600,https://www.facebook.com/pages/Indian-Grill/305726482876447,,YellowPages.ca,1,Unknown404,Unknown404@gmail.com
Empire Grill Indian Cuisine,1100 Eglinton Ave W Toronto ON M6C 2E2,Guelph,(416) 785-1727,http://www.empiregrill.ca/,,YellowPages.ca,1,Unknown405,Unknown405@gmail.com
Cuisine Of India,64 Magnetic Dr North York ON M3J 2C4,Guelph,(416) 229-0377,http://www.cuisineofindia.org/,,YellowPages.ca,1,Unknown406,Unknown406@gmail.com
Panjara Indian Cuisine,796 Bloor St W Toronto ON M6G 1L7,Guelph,(647) 436-0394,http://www.torontobanjara.com/,,YellowPages.ca,1,Unknown407,Unknown407@gmail.com
Madras Masala South Indian Cuisine,796 Bloor St W Toronto ON M6G 1L7,Guelph,(416) 825-7340,,,YellowPages.ca,1,Unknown408,Unknown408@gmail.com
Madras Masala,796 Bloor St W Toronto ON M6G 1L7,Guelph,(647) 342-4359,http://www.madrasmasalatoronto.com/,,YellowPages.ca,1,Unknown409,Unknown409@gmail.com
Banjara Indian Cuisine,796 Bloor St W Toronto ON M6G 1L7,Guelph,(416) 963-9360,http://bloor.torontobanjara.com/,,YellowPages.ca,1,Unknown410,Unknown410@gmail.com
Pukka Restaurant,778 St Clair Ave W Toronto ON M6C 1B6,Guelph,(416) 342-1906,http://www.pukka.ca/,,YellowPages.ca,1,Unknown411,Unknown411@gmail.com
Falafel Queen,576 Queen St W Toronto ON M5V 2B5,Guelph,(416) 504-9736,http://www.facebook.com/161888177197255,,YellowPages.ca,1,Unknown412,Unknown412@gmail.com
Roti Mahal,554 Queen St W Toronto ON M5V 2B5,Guelph,(416) 546-9404,,,YellowPages.ca,1,Unknown413,Unknown413@gmail.com
Masala Guys,384 Bloor St W Toronto ON M5S 1X2,Guelph,(416) 902-3988,,,YellowPages.ca,1,Unknown414,Unknown414@gmail.com
Roti Cuisine Of India,308 Dupont St Toronto ON M5R 1V9,Guelph,(416) 968-9366,http://www.roticuisineofindia.com/,,YellowPages.ca,1,Unknown415,Unknown415@gmail.com
Tally Ho Restaurants,1536 Main St W Hamilton ON L8S 1E4,Guelph,(289) 768-1911,https://www.facebook.com/tallyhoroastbeef/,,YellowPages.ca,1,Unknown416,Unknown416@gmail.com
Lee's Take Out & Delivery Service,1825 Main St W Hamilton ON L8S 1H6,Guelph,(905) 528-0095,https://www.leeschinese.ca/,,YellowPages.ca,1,Unknown417,Unknown417@gmail.com
Canton Chinese Food & Takeout,170 Brantwood Park Rd Brantford ON N3P 1N7,Guelph,(519) 759-0099,http://www.facebook.com/pages/Canton-Chinese-Food-Take-Out/127620960611166,,YellowPages.ca,1,Unknown418,Unknown418@gmail.com
Sai Express Take Out,965 Bovaird Dr W Brampton ON L6X 5K7,Guelph,(905) 455-7003,,,YellowPages.ca,1,Unknown419,Unknown419@gmail.com
Island Style Take-Out,41 Baby Pointe Trail Brampton ON L7A 0W3,Guelph,(647) 655-5045,https://www.facebook.com/Island-Style-Take-Out-1605304559713991/,,YellowPages.ca,1,Unknown420,Unknown420@gmail.com
DQ Grill & Chill Restaurant,16-500 Laurier Ave Milton ON L9T 4R3,Guelph,(905) 878-2442,http://www.dairyqueen.com/,,YellowPages.ca,1,Unknown421,Unknown421@gmail.com
Lucky Garden Restaurants,101 Hazelglen Drive Kitchener ON N2M 5A2,Guelph,(226) 499-8574,http://www.luckygardenchinesefood.ca/,,YellowPages.ca,1,Unknown422,Unknown422@gmail.com
DQ Grill & Chill Restaurant,720 Westmount Rd E Kitchener ON N2E 2M6,Guelph,(519) 208-1185,,,YellowPages.ca,1,Unknown423,Unknown423@gmail.com
A & W Restaurant,Waterloo Town Sq Waterloo ON N2J 1P2,Guelph,(519) 746-0795,http://awrestaurants.com/,,YellowPages.ca,1,Unknown424,Unknown424@gmail.com
DQ Grill & Chill Restaurant,120 Ottawa St N Kitchener ON N2H 3K5,Guelph,(519) 744-9220,,,YellowPages.ca,1,Unknown425,Unknown425@gmail.com
Super Happy Garden Chinese Food Restaurant,259 Grange Rd Guelph ON N1E 6R5,Guelph,(519) 822-8889,https://super-happy-garden.com/,,YellowPages.ca,1,Unknown426,Unknown426@gmail.com
DQ Grill & Chill Restaurant,749 Woolwich St Guelph ON N1H 3Z2,Guelph,(519) 822-0422,http://www.dairyqueen.com/,,YellowPages.ca,1,Unknown427,Unknown427@gmail.com
Ayushi's Kitchen,5 Mariner Terrace Toronto ON M5V 3V6,Guelph,(226) 337-5213,https://www.cookin.com/cooks/ayushis-kitchen,,YellowPages.ca,1,Unknown428,Unknown428@gmail.com
Saffron Spice Kitchen,459 Queen St W Toronto ON M5V 2A9,Guelph,(416) 203-0222,http://saffronspicekitchen.com/,,YellowPages.ca,1,Unknown429,Unknown429@gmail.com
Tandoori Flavour,455 Spadina Ave Toronto ON M5S 2G8,Guelph,(416) 599-0599,http://www.facebook.com/128912757203183,,YellowPages.ca,1,Unknown430,Unknown430@gmail.com
INDIAN GRILL,108 Ossington Ave Toronto ON M6J 2Z4,Guelph,(647) 503-3878,,,YellowPages.ca,1,Unknown431,Unknown431@gmail.com
College Falafel,450 Ossington Ave Toronto ON M6G 3T2,Guelph,(416) 532-8698,https://www.collegefalafel.com/,,YellowPages.ca,1,Unknown432,Unknown432@gmail.com
Smriti's Sensational Catering,1-3 Harold St Etobicoke ON M8Z 3R4,Guelph,(416) 799-8438,http://smritiscatering.ca/,,YellowPages.ca,1,Unknown433,Unknown433@gmail.com
Tinnel's West Indian Take-Out,364 Signet Dr North York ON M9L 1V2,Guelph,(416) 743-1582,https://www.facebook.com/pages/Tinnels/576805869017377,,YellowPages.ca,1,Unknown434,Unknown434@gmail.com
Roti Palace,1845 Finch Ave W North York ON M3N 2V2,Guelph,(416) 630-0825,https://www.facebook.com/profile.php?id=100057286816928,,YellowPages.ca,1,Unknown435,Unknown435@gmail.com
Leela Indian Food Bar,3108 Dundas St W Toronto ON M6P 2A1,Guelph,(416) 769-7777,http://www.leelabyamaya.com/,,YellowPages.ca,1,Unknown436,Unknown436@gmail.com
Juicy Jerk`S West Indian Restaurant & Pastries,2865 Jane St North York ON M3N 2J5,Guelph,(289) 217-2531,,,YellowPages.ca,1,Unknown437,Unknown437@gmail.com
Bukhara Grill,2241 Bloor St W Toronto ON M6S 1N7,Guelph,(416) 551-5199,http://www.bukharaonbloor.com/,,YellowPages.ca,1,Unknown438,Unknown438@gmail.com
Luckys Corner,2111 Jane St North York ON M3M 1A2,Guelph,(416) 245-7783,http://www.luckycornerrestaurant.com/,,YellowPages.ca,1,Unknown439,Unknown439@gmail.com
Falafel World,2396 Bloor St W Toronto ON M6S 1P5,Guelph,(416) 769-9336,https://www.facebook.com/pages/Falafel-World/158499047520471,,YellowPages.ca,1,Unknown440,Unknown440@gmail.com
New Taste of the West Indian Restaurant,1822 Jane St York ON M9N 2T3,Guelph,(416) 240-7413,http://www.facebook.com/114396148607141,,YellowPages.ca,1,Unknown441,Unknown441@gmail.com
Tinnels West Indian Take,356 Signet Dr North York ON M9L 1V2,Guelph,(416) 743-3453,http://www.facebook.com/115824862482485,,YellowPages.ca,1,Unknown442,Unknown442@gmail.com
Savera Indian Cuisine,815 St Clair Ave W Toronto ON M6C 1B9,Guelph,(416) 657-2500,http://saveraindiancuisine.ca/,,YellowPages.ca,1,Unknown443,Unknown443@gmail.com
Karahi Point,2201 Finch Ave W North York ON M9M 2Y9,Guelph,(416) 749-2997,http://karahipoint.com/,,YellowPages.ca,1,Unknown444,Unknown444@gmail.com
Tich Modern Indian Cuisine,2314 Lake Shore Blvd W Etobicoke ON M8V 1B5,Guelph,(647) 349-8424,http://tich.ca/,,YellowPages.ca,1,Unknown445,Unknown445@gmail.com
Kothur Indian Cuisine,2403 Lake Shore Blvd W Etobicoke ON M8V 1C5,Guelph,(416) 253-5047,http://www.everestindiancuisine.com/,,YellowPages.ca,1,Unknown446,Unknown446@gmail.com
Panorama Restaurant,267 Scarlett Rd York ON M6N 4L1,Guelph,(416) 762-0367,http://www.facebook.com/1676756742575617,,YellowPages.ca,1,Unknown447,Unknown447@gmail.com
Maurya East Indian Cuisine - Etobicoke,2481 Lake Shore Blvd W Etobicoke ON M8V 1C5,Guelph,(647) 748-6001,http://mauryaeastindianroti.ca/,,YellowPages.ca,1,Unknown448,Unknown448@gmail.com
Caribu West Indian,A 3412-a Weston Rd ON M9M 2W1,Guelph,(647) 346-8833,,,YellowPages.ca,1,Unknown449,Unknown449@gmail.com
Little Bombay,4040 Steeles Ave W Woodbridge ON L4L 4Y5,Guelph,(905) 851-5777,,,YellowPages.ca,1,Unknown450,Unknown450@gmail.com
Curry Twist,3034 Dundas St W Toronto ON M6P 1Z3,Guelph,(647) 352-6011,http://www.currytwist.com/,,YellowPages.ca,1,Unknown451,Unknown451@gmail.com
High Park Spicy House,3020 Dundas St W Toronto ON M6P 1Z3,Guelph,(416) 760-9779,http://www.highparkspicyhouse.com/,,YellowPages.ca,1,Unknown452,Unknown452@gmail.com
North Of Bombay,2996 Dundas St W Toronto ON M6P 1Z3,Guelph,(416) 604-9465,http://northofbombay.com/,,YellowPages.ca,1,Unknown453,Unknown453@gmail.com
Tinnel's West Indian Take-Out,2517 Eglinton Ave W York ON M6M 1T2,Guelph,(416) 657-0108,https://www.facebook.com/pages/Tinnels-West-Indian-Take-Out/1048259008580011,,YellowPages.ca,1,Unknown454,Unknown454@gmail.com
Indian Hut,3 Mountain St Grimsby ON L3M 3J5,Guelph,(289) 336-0718,,,YellowPages.ca,1,Unknown455,Unknown455@gmail.com
Indian Express Vaughan,2620 Rutherford Rd Vaughan ON L4K 0H1,Guelph,(647) 406-1809,https://indianexpressvaughan.my.canva.site/yellow-and-beige-modern-illustrative-indian-restaurant-menu,,YellowPages.ca,1,Unknown456,Unknown456@gmail.com
Tandoori Time,9699 Jane St Vaughan ON L6A 0A5,Guelph,(905) 879-5959,http://www.tandooritime.com/,,YellowPages.ca,1,Unknown457,Unknown457@gmail.com
Definitely Yours,1155 Saint Clair Avenue West Toronto ON M6E 1B2,Guelph,(416) 658-7672,https://www.facebook.com/Definitely-Yours-178285982713209/,,YellowPages.ca,1,Unknown458,Unknown458@gmail.com
La Bandida Restaurant Bar,1157 St Clair Ave W Toronto ON M6E 1B2,Guelph,(647) 340-9027,http://www.facebook.com/1029868053812258,,YellowPages.ca,1,Unknown459,Unknown459@gmail.com
Motherindia Roti Inc,1422 Queen St W Toronto ON M6K 1L9,Guelph,(416) 588-4634,https://www.mauryaindianrestaurants.com/locations/queen-st-w/,,YellowPages.ca,1,Unknown460,Unknown460@gmail.com
South Indian Dosa Mahal Restaurant,1262 Bloor St W Toronto ON M6H 1N5,Guelph,(416) 516-7701,http://www.facebook.com/pages/South-Indian-Dosa-Mahal-Restaurant/136920769654169,,YellowPages.ca,1,Unknown461,Unknown461@gmail.com
Ali's West Indian Roti Shop & Halal Meat Fish&Grocery Shop,1446 Queen St W Toronto ON M6K 1M2,Guelph,(416) 532-7701,,,YellowPages.ca,1,Unknown462,Unknown462@gmail.com
Ali's West Indian Roti Shop,1446 Queen St W Toronto ON M6K 1M2,Guelph,(416) 532-7701,http://www.alisroti.ca/,,YellowPages.ca,1,Unknown463,Unknown463@gmail.com
Ali's Roti Shop,1446 Queen St W Toronto ON M6K 1M2,Guelph,(416) 532-7701,http://www.alisroti.ca/,,YellowPages.ca,1,Unknown464,Unknown464@gmail.com
Yummy Momo,1439 Queen St W Toronto ON M6R 1A1,Guelph,(416) 532-3901,https://yummymomo.ca/,,YellowPages.ca,1,Unknown465,Unknown465@gmail.com
Colaba Cuisine,J52-3175 Rutherford Rd Concord ON L4K 5Y6,Guelph,(905) 660-6222,http://www.colabacuisine.com/,,YellowPages.ca,1,Unknown466,Unknown466@gmail.com
Student Pizza & Curry Inc,45 Four Winds Dr North York ON M3J 1K7,Guelph,(416) 447-4992,http://www.studentpizza.ca/,,YellowPages.ca,1,Unknown467,Unknown467@gmail.com
Indian Flavour,4700 Keele St North York ON M3J 1P3,Guelph,(416) 663-2666,,,YellowPages.ca,1,Unknown468,Unknown468@gmail.com
Stamp's Lane Restaurant Inc,371 Roncesvalles Ave Toronto ON M6R 2M8,Guelph,(416) 537-7750,http://www.butlerspantry.ca/,,YellowPages.ca,1,Unknown469,Unknown469@gmail.com
The Bombay Grill,1070 Stone Church Rd E Hamilton ON L8W 3K8,Guelph,(905) 385-0888,http://www.maisonfritz.ca/,,YellowPages.ca,1,Unknown470,Unknown470@gmail.com
Matheson Sweets & Catering Ltd,5359 Timberlea Blvd Mississauga ON L4W 4N5,Guelph,(905) 507-0041,https://matheson-sweets.com/,,YellowPages.ca,1,Unknown471,Unknown471@gmail.com
Bombay's Chutney,3450 Dundas Burlington ON L7M 4B8,Guelph,(905) 335-2060,http://www.bombayschutney.com/,,YellowPages.ca,1,Unknown472,Unknown472@gmail.com
Tandoori Cook House,2501 Prince Michael Dr Oakville ON L6H 0E9,Guelph,(905) 334-0106,http://www.facebook.com/1430788153841722,,YellowPages.ca,1,Unknown473,Unknown473@gmail.com
Royal Paan,35-7920 Hurontario St Brampton ON L6Y 0P7,Guelph,(905) 796-7226,http://www.facebook.com/144953126280076,,YellowPages.ca,1,Unknown474,Unknown474@gmail.com
Honest Restaurant,1 Steeles Ave E Brampton ON L6W 4J4,Guelph,(905) 450-3638,,,YellowPages.ca,1,Unknown475,Unknown475@gmail.com
Sai Sweets,21-7916 Hurontario St Brampton ON L6Y 0P6,Guelph,(905) 452-9111,,,YellowPages.ca,1,Unknown476,Unknown476@gmail.com
Chawla Cuisine,24-7916 Hurontario St Brampton ON L6Y 0P6,Guelph,(905) 457-1300,http://www.chawlachicken.ca/,,YellowPages.ca,1,Unknown477,Unknown477@gmail.com
Tinnels West Indian Take-Out,39 Kennedy Rd N Brampton ON L6V 1X6,Guelph,(905) 454-8882,,,YellowPages.ca,1,Unknown478,Unknown478@gmail.com
Sagarmatha Curry Palace Restaurant - Authentic Indian Nepalese Cuisine,43 King William St N Hamilton ON L8R 1A2,Guelph,(289) 309-2728,https://sagarmathacurrypalace.ca/menu/index.html,,YellowPages.ca,1,Unknown479,Unknown479@gmail.com
Anjappar Chettinad Restaurants,1 Bartley Bull Pky Brampton ON L6W 3T7,Guelph,(905) 450-7575,http://www.anjapparcanada.com/,,YellowPages.ca,1,Unknown480,Unknown480@gmail.com
Indian Sizzlers Brampton Inc,499 Main St S Brampton ON L6Y 1N7,Guelph,(905) 654-7612,http://www.facebook.com/1014110968677243,,YellowPages.ca,1,Unknown481,Unknown481@gmail.com
Burgerwale Inc.,85 John St S Hamilton ON L8N 2C2,Guelph,(905) 525-9332,,,YellowPages.ca,1,Unknown482,Unknown482@gmail.com
Mehfill Indian Cuisine,79 Clarence St Brampton ON L6W 1S5,Guelph,(905) 230-4444,,,YellowPages.ca,1,Unknown483,Unknown483@gmail.com
Rasoi Hamilton,140 Robinson St Hamilton ON L8P 4R6,Guelph,(289) 921-8385,http://www.facebook.com/273575089376678,,YellowPages.ca,1,Unknown484,Unknown484@gmail.com
Sweets And Restaurant,2345 Trafalgar Rd Oakville ON L6H 6N9,Guelph,(905) 399-3094,,,YellowPages.ca,1,Unknown485,Unknown485@gmail.com
A1 Sweets & Restaurants,2345 Trafalgar Rd Oakville ON L6H 6N9,Guelph,(905) 257-0808,http://a1sweets.com/,,YellowPages.ca,1,Unknown486,Unknown486@gmail.com
Hakka Khazana,5-735 Twain Ave Mississauga ON L5W 1X1,Guelph,(905) 956-6111,http://hakkakhazana.ca/,,YellowPages.ca,1,Unknown487,Unknown487@gmail.com
Modern India Buffet Restaurant,163 Main St W Hamilton ON L8P 1J1,Guelph,(905) 524-2815,http://www.modernindia.ca/,,YellowPages.ca,1,Unknown488,Unknown488@gmail.com
Delhihub,184D Main St S Brampton ON L6W 2E2,Guelph,(905) 450-2777,http://www.delhihub.ca/,,YellowPages.ca,1,Unknown489,Unknown489@gmail.com
Indian Gastro Pub,21 Augusta Hamilton ON L8N 1P6,Guelph,(289) 389-1117,,,YellowPages.ca,1,Unknown490,Unknown490@gmail.com
Paranthe Wali Gali,3-143 Clarence St Brampton ON L6W 1T2,Guelph,(365) 788-5678,,,YellowPages.ca,1,Unknown491,Unknown491@gmail.com
Udupi Madras Cafe,202-265 Enfield Pl Mississauga ON L5B 3Y7,Guelph,(905) 277-0010,http://www.udupimadrascafe.com/,,YellowPages.ca,1,Unknown492,Unknown492@gmail.com
Standard Sweets & Restaurant,200 County Court Blvd Brampton ON L6W 4K7,Guelph,(905) 450-0306,http://www.standardsweetsrestaurant.com/,,YellowPages.ca,1,Unknown493,Unknown493@gmail.com
Maya Takeout,2-263 Queen St E Brampton ON L6W 4K6,Guelph,(905) 497-7977,,,YellowPages.ca,1,Unknown494,Unknown494@gmail.com
The Sweet & Samosa House,584 Upper James St Hamilton ON L9C 2Y6,Guelph,(289) 799-2231,,,YellowPages.ca,1,Unknown495,Unknown495@gmail.com
Zaaika Cuisine,46 Dalhousie St Brantford ON N3T 2H8,Guelph,(519) 304-7762,,,YellowPages.ca,1,Unknown496,Unknown496@gmail.com
White Gold Sweets,3176 Ridgeway Dr Mississauga ON L5L 5S6,Guelph,(905) 607-6776,http://www.facebook.com/167009403342444,,YellowPages.ca,1,Unknown497,Unknown497@gmail.com
Indian Indian Restaurant,196 Dalhousie St Brantford ON N3S 3T7,Guelph,(519) 751-0001,,,YellowPages.ca,1,Unknown498,Unknown498@gmail.com
Taal Fine Indian Cuisine,578 Colborne St Brantford ON N3S 3P6,Guelph,(519) 752-3788,https://taalindian.com/menu/,,YellowPages.ca,1,Unknown499,Unknown499@gmail.com
Mayura,200 County Court Blvd Brampton ON L6W 4K7,Guelph,(905) 451-6161,http://www.mayura.ca/,,YellowPages.ca,1,Unknown500,Unknown500@gmail.com
Bangalore Biriyani Take-out & Catering,116 Kennedy Rd S Brampton ON L6W 3E7,Guelph,(905) 459-1800,https://www.facebook.com/pages/Bangalore-Biriyani-Take-out-Catering/1763419870554311,,YellowPages.ca,1,Unknown501,Unknown501@gmail.com
Chilli Chicken Brothers Inc.,7700 Hurontario St Brampton ON L6Y 4M3,Guelph,(905) 454-8999,https://www.facebook.com/pages/Brampton-Dragon/179174688800001,,YellowPages.ca,1,Unknown502,Unknown502@gmail.com
Royal India Sweets & Restaurant,116 Kennedy Rd S Brampton ON L6W 3E7,Guelph,(905) 454-0883,http://royalindiarestaurant.ca/,,YellowPages.ca,1,Unknown503,Unknown503@gmail.com
King Tandoori,107 Kennedy Rd S Brampton ON L6W 3G3,Guelph,(905) 459-3939,http://kingtandoori.com/mt/501/DefaultData.aspx?DName=kingtandoori&evHomeId=2,,YellowPages.ca,1,Unknown504,Unknown504@gmail.com
Village of India,114 Kennedy Rd S Brampton ON L6W 3E7,Guelph,(905) 460-9442,http://villageofindia.ca/,,YellowPages.ca,1,Unknown505,Unknown505@gmail.com
Gurulukshmi Restaurant,7070 Saint Barbara Blvd Mississauga ON L5W 0E6,Guelph,(905) 795-2649,http://www.gurulukshmi.com/,,YellowPages.ca,1,Unknown506,Unknown506@gmail.com
Indian Sweet Master,1474 Pickwick Dr Mississauga ON L5V 2G2,Guelph,(905) 286-1234,,,YellowPages.ca,1,Unknown507,Unknown507@gmail.com
Desi Shawarma,17 Ray Lawson Blvd Brampton ON L6Y 5L8,Guelph,(905) 497-6606,http://www.desishawarma.ca/,,YellowPages.ca,1,Unknown508,Unknown508@gmail.com
New India Sweets & Restaurant,1201 Britannia Rd W Mississauga ON L5V 1N2,Guelph,(905) 814-1730,http://www.newindiasweetrestaurant.com/,,YellowPages.ca,1,Unknown509,Unknown509@gmail.com
Oh! Bombay,360 Dundas St E Oakville ON L6H 6Z9,Guelph,(905) 257-9290,http://www.ohbombay.ca/,,YellowPages.ca,1,Unknown510,Unknown510@gmail.com
Lally's Sweets & Tandoori Restaurant,499 Ray Lawson Blvd Brampton ON L6Y 4E6,Guelph,(905) 450-6464,https://www.facebook.com/pages/Lallys/100263286743315,,YellowPages.ca,1,Unknown511,Unknown511@gmail.com
Indian Punjabi Bazaar,4-5-6-7-8-9-499 Ray Lawson Blvd Brampton ON L6Y 4E6,Guelph,(905) 451-5756,https://www.facebook.com/IndianPunjabiBazaar/,,YellowPages.ca,1,Unknown512,Unknown512@gmail.com
Hyderabadhouse Canada,8015 FinancialDr Brampton ON L6Y 6A1,Guelph,(905) 451-0831,,,YellowPages.ca,1,Unknown513,Unknown513@gmail.com
Prince Of India,1235 Fairview St Burlington ON L7S 1Y3,Guelph,(905) 333-1331,http://www.princeofindia.ca/,,YellowPages.ca,1,Unknown514,Unknown514@gmail.com
Indian Garden Restaurant,1122 Main St W Hamilton ON L8S 1C1,Guelph,(905) 577-8142,http://www.facebook.com/131810223508527,,YellowPages.ca,1,Unknown515,Unknown515@gmail.com
Royal Cumin Indian Takeaway,6-650 Plains Rd E Burlington ON L7T 2E9,Guelph,(905) 634-3433,http://royal-cumin-indian-takeaway-and-catering.business.site/,,YellowPages.ca,1,Unknown516,Unknown516@gmail.com
Bombay Bhel,2475 Cobbinshaw Cir Mississauga ON L5N 2G2,Guelph,(905) 858-6100,http://www.bombaybhelrestaurant.com/,,YellowPages.ca,1,Unknown517,Unknown517@gmail.com
India Village Restaurant,370 Wilson St E Hamilton ON L9G 4S4,Guelph,(905) 304-1213,http://fineindiancuisine.ca/,,YellowPages.ca,1,Unknown518,Unknown518@gmail.com
Avani Asian Indian Restaurant Avani Asia,2535 Appleby Line Burlington ON L7L 0B6,Guelph,(905) 332-7731,,,YellowPages.ca,1,Unknown519,Unknown519@gmail.com
Bombay Vintage Inc,F 4-2000 Appleby Line Burlington ON L7L 6A1,Guelph,(289) 337-2351,,,YellowPages.ca,1,Unknown520,Unknown520@gmail.com
Asian Wok N Roll,6905 Millcreek Dr Mississauga ON L5N 6A3,Guelph,(905) 567-0088,http://www.asianwoknroll.com/,,YellowPages.ca,1,Unknown521,Unknown521@gmail.com
Sankalp,"151 York Blvd, (C) Hamilton ON L8R 3M2",Guelph,(289) 389-5883,,,YellowPages.ca,1,Unknown522,Unknown522@gmail.com
The Flavours,10-10088 McLaughlin Rd Brampton ON L7A 2X6,Guelph,(416) 613-8992,,,YellowPages.ca,1,Unknown523,Unknown523@gmail.com
India Curry House,80 Pertosa Dr Brampton ON L6X 5E9,Guelph,(905) 454-7500,http://www.theindiacurryhouse.ca/,,YellowPages.ca,1,Unknown524,Unknown524@gmail.com
Jamaica House Kitchen,80 Pertosa Dr Brampton ON L6X 5E9,Guelph,(905) 460-0651,http://jamaicahousekitchen.com/,,YellowPages.ca,1,Unknown525,Unknown525@gmail.com
Tandoori Grill Meat Shop,15 Fandor Way Brampton ON L7A 4S2,Guelph,(905) 846-9500,http://www.facebook.com/265080770942611,,YellowPages.ca,1,Unknown526,Unknown526@gmail.com
Yaari Adda,300 Grand River St N Paris ON N3L 3R7,Guelph,(519) 442-0111,,,YellowPages.ca,1,Unknown527,Unknown527@gmail.com
Royal Taste Sweets And Restaurant,10990 Chinguacousy Rd Brampton ON L7A 0P1,Guelph,(905) 846-1011,http://royaltastesweetsandrestaurant.ca/,,YellowPages.ca,1,Unknown528,Unknown528@gmail.com
Dosa Eatery,3221 Derry Rd W Mississauga ON L5N 7L7,Guelph,(905) 824-8005,,,YellowPages.ca,1,Unknown529,Unknown529@gmail.com
Annalakshmi Inc,3-10086 Hurontario St Brampton ON L7A 1E5,Guelph,(905) 230-3672,https://www.facebook.com/pages/Annalakshmi/1100864220010801,,YellowPages.ca,1,Unknown530,Unknown530@gmail.com
Indian Hut Paan & Fluda,1 Wexford Rd Brampton ON L6Z 2W1,Guelph,(905) 970-1100,http://www.facebook.com/144550285593440,,YellowPages.ca,1,Unknown531,Unknown531@gmail.com
Prem Sweets And Restaurant,607-20 Gillingham Dr Brampton ON L6X 4X7,Guelph,(905) 455-1233,http://premsweets.ca/,,YellowPages.ca,1,Unknown532,Unknown532@gmail.com
Heritage India,485 Main St N Brampton ON L6X 1N8,Guelph,(905) 874-1117,https://heritageindiarestaurant.ca/,,YellowPages.ca,1,Unknown533,Unknown533@gmail.com
Amaya Express - Burlington,489 Brant St Burlington ON L7R 2G5,Guelph,(289) 288-0082,http://www.amayarestaurant.com/,,YellowPages.ca,1,Unknown534,Unknown534@gmail.com
Mexikhan,3050 Artesian Dr Mississauga ON L5M 7P5,Guelph,(905) 608-9999,http://www.royalchinesewok.ca/,,YellowPages.ca,1,Unknown535,Unknown535@gmail.com
Zeerah,3050 Artesian Dr Mississauga ON L5M 7P5,Guelph,(905) 569-7916,http://www.zeerah.ca/,,YellowPages.ca,1,Unknown536,Unknown536@gmail.com
The Indian Sweet House,17-545 Steeles Ave W Brampton ON L6Y 4E7,Guelph,(905) 457-6969,,,YellowPages.ca,1,Unknown537,Unknown537@gmail.com
Bombay Grill Restaurant,3480 Fairview St Burlington ON L7N 2R5,Guelph,(905) 681-1227,http://www.bombaygrill.ca/,,YellowPages.ca,1,Unknown538,Unknown538@gmail.com
Godavari - South Indian Grandma's Kitchen,31 George St N Brampton ON L6X 1R3,Guelph,(905) 824-1864,http://www.facebook.com/godavari.kitchen,,YellowPages.ca,1,Unknown539,Unknown539@gmail.com
Indus Valley Restaurant,31 George St N Brampton ON L6X 1R3,Guelph,(905) 455-6553,,,YellowPages.ca,1,Unknown540,Unknown540@gmail.com
Shehnai Restaurant,447 Main St W Hamilton ON L8P 1K5,Guelph,(905) 577-0002,http://www.shehnairestaurant.com/home.html,,YellowPages.ca,1,Unknown541,Unknown541@gmail.com
Doaba Sweets & Snacks,305 Charolais Blvd Brampton ON L6Y 2R2,Guelph,(905) 450-1455,https://www.facebook.com/Doaba.Sweet,,YellowPages.ca,1,Unknown542,Unknown542@gmail.com
Bombay Curry,320 Main St N Brampton ON L6V 4A3,Guelph,(905) 874-9238,http://bombay-curry.com/,,YellowPages.ca,1,Unknown543,Unknown543@gmail.com
Curry Mantra Authentic Indian Cuisine,520 Riddell Rd Orangeville ON L9W 5L1,Guelph,(519) 940-1100,,,YellowPages.ca,1,Unknown544,Unknown544@gmail.com
Caribbean Jerk Plate,180 Sandalwood Pky E Brampton ON L6Z 1Y4,Guelph,(905) 495-0455,http://www.facebook.com/100806420125688,,YellowPages.ca,1,Unknown545,Unknown545@gmail.com
Kumar Indian Cuisine,1080 Clay Ave Burlington ON L7L 0A1,Guelph,(905) 592-3845,,,YellowPages.ca,1,Unknown546,Unknown546@gmail.com
Nawab Saab,164 Sandalwood Pky E Brampton ON L6Z 3S4,Guelph,(905) 840-9090,,,YellowPages.ca,1,Unknown547,Unknown547@gmail.com
India's Taste,900 Ray Lawson Blvd Brampton ON L6Y 5H7,Guelph,(905) 450-5959,http://www.indiastaste.ca/,,YellowPages.ca,1,Unknown548,Unknown548@gmail.com
Brar's,140 Great Lakes Dr Brampton ON L6R 2K7,Guelph,(905) 789-0087,http://speedwayjeeps.com/,,YellowPages.ca,1,Unknown549,Unknown549@gmail.com
C Crispy,50 Colborne St Brantford ON N3T 2G2,Guelph,(519) 753-0002,,,YellowPages.ca,1,Unknown550,Unknown550@gmail.com
Street Bitez,168 Kennedy Rd S Brampton ON L6W 3G6,Guelph,(905) 457-0663,,,YellowPages.ca,1,Unknown551,Unknown551@gmail.com
Mirchii : Fresh Indian Grill,1175 Derry Rd E Mississauga ON L5T 1B6,Guelph,(647) 962-3681,https://www.facebook.com/Mirchii-Fresh-Indian-Grill-243886978964745/,,YellowPages.ca,1,Unknown552,Unknown552@gmail.com
Brar's Bakery,5820 Kennedy Rd Mississauga ON L4Z 2C3,Guelph,(905) 502-0808,http://www.brars.ca/,,YellowPages.ca,1,Unknown553,Unknown553@gmail.com
Indian Delight,2120 North Park Dr Brampton ON L6S 0C9,Guelph,(905) 458-1266,http://www.facebook.com/236611263760050,,YellowPages.ca,1,Unknown554,Unknown554@gmail.com
Indian Food,804 Upper Gage Ave Hamilton ON L8V 4K4,Guelph,(905) 318-3737,,,YellowPages.ca,1,Unknown555,Unknown555@gmail.com
Kailash Parbat,1-1200 Derry Rd E Mississauga ON L5T 0B3,Guelph,(416) 565-7460,https://kailashparbat.ca/,,YellowPages.ca,1,Unknown556,Unknown556@gmail.com
Bombay Spice Restaurant and Ba Restaurant And Bar Inc,1098 Peter Robertson Bl Brampton ON L6R 3A5,Guelph,(905) 463-1418,http://www.facebook.com/212394192463052,,YellowPages.ca,1,Unknown557,Unknown557@gmail.com
Sweet Palace,1098 Peter Robertson Blvd Brampton ON L6R 3A5,Guelph,(905) 790-1777,https://www.facebook.com/pages/Sweet-Palace/161718367190062,,YellowPages.ca,1,Unknown558,Unknown558@gmail.com
Raj Bhole Paan,1098 Peter Robertson Blvd Brampton ON L6R 3A5,Guelph,(905) 497-7810,http://www.facebook.com/129965477870584,,YellowPages.ca,1,Unknown559,Unknown559@gmail.com
Coriander Green,342 Church St Oakville ON L6J 1P1,Guelph,(905) 338-2540,http://www.coriandergreen.com/,,YellowPages.ca,1,Unknown560,Unknown560@gmail.com
Sardar Ji,130 Father Tobin Rd Brampton ON L6R 3P1,Guelph,(905) 494-1636,https://www.facebook.com/pinchofspicebrampton/,,YellowPages.ca,1,Unknown561,Unknown561@gmail.com
Craving Curries,1625 Steeles Ave E Brampton ON L6T 4T7,Guelph,(289) 632-1737,http://www.facebook.com/249198875454239,,YellowPages.ca,1,Unknown562,Unknown562@gmail.com
Cafe India Express,17-1625 Steeles Ave E Brampton ON L6T 4T7,Guelph,(289) 632-1713,,,YellowPages.ca,1,Unknown563,Unknown563@gmail.com
Yummy Punjabi Flavours,1625 Steeles Ave E Brampton ON L6T 4T7,Guelph,(905) 499-0085,http://yummypunjabiflavours.ca/,,YellowPages.ca,1,Unknown564,Unknown564@gmail.com
Bombay Palace,200 Advance Blvd Brampton ON L6T 4V4,Guelph,(905) 799-9794,http://bombaypalace.ca/,,YellowPages.ca,1,Unknown565,Unknown565@gmail.com
Avani Indian Rolls & Bowls - Oakville,133 Lakeshore Road East Oakville ON L6J 1H3,Guelph,(905) 337-1100,https://www.rollsandbowls.ca/,,YellowPages.ca,1,Unknown566,Unknown566@gmail.com
Bawarchi,488 Eglinton Ave W Mississauga ON L5R 0G2,Guelph,(905) 501-0030,,,YellowPages.ca,1,Unknown567,Unknown567@gmail.com
Punjabi Tadka,10510 Torbram Rd Brampton ON L6R 0A3,Guelph,(905) 791-3002,,,YellowPages.ca,1,Unknown568,Unknown568@gmail.com
B Town Bar and Grill,10-6435 Dixie Rd Mississauga ON L5T 1X4,Guelph,(416) 315-9000,http://www.theflavours.ca/,,YellowPages.ca,1,Unknown569,Unknown569@gmail.com
Gowri Krishna,10-6435 Dixie Rd Mississauga ON L5T 1X4,Guelph,(647) 523-4559,,,YellowPages.ca,1,Unknown570,Unknown570@gmail.com
Shagun Sweets And Restaurant Inc,51 Mountainash Rd Brampton ON L6R 1W4,Guelph,(905) 497-7275,http://shagunsweets.ca/,,YellowPages.ca,1,Unknown571,Unknown571@gmail.com
Keser Sweets And Resturant Inc,6-51 Mountainash Rd Brampton ON L6R 1W4,Guelph,(905) 497-7722,http://www.facebook.com/1421303474590736,,YellowPages.ca,1,Unknown572,Unknown572@gmail.com
Tandoori Style Restaurant,30 Melanie Dr Brampton ON L6T 4L4,Guelph,(905) 790-8855,http://tandooristyle.ca/,,YellowPages.ca,1,Unknown573,Unknown573@gmail.com
Sai Convenience Store,60 Cottrelle Blvd Brampton ON L6S 0E1,Guelph,(905) 794-7707,,,YellowPages.ca,1,Unknown574,Unknown574@gmail.com
Bombay To Go,A7-755 Dundas St W Mississauga ON L5C 3B6,Guelph,(905) 276-7723,http://www.bombaytogo.ca/,,YellowPages.ca,1,Unknown575,Unknown575@gmail.com
Bombay To Go,755 Dundas St W Mississauga ON L5C 3B6,Guelph,(905) 276-7787,http://www.bombaytogo.ca/,,YellowPages.ca,1,Unknown576,Unknown576@gmail.com
The Spice Route,103-15 Gateway Blvd Brampton ON L6T 0H4,Guelph,(416) 477-8877,,,YellowPages.ca,1,Unknown577,Unknown577@gmail.com
Paranthe Wali Gali,2452 Queen St E Brampton ON L6S 5X9,Guelph,(905) 458-0048,https://www.facebook.com/paranthacanada/,,YellowPages.ca,1,Unknown578,Unknown578@gmail.com
Apna Pind Indian Kitchen,1650 Derry Rd E Mississauga ON L5S 1X8,Guelph,(905) 678-2100,,,YellowPages.ca,1,Unknown579,Unknown579@gmail.com
Indian Express,6750 Davand Dr Mississauga ON L5T 2L8,Guelph,(905) 795-2791,http://www.divyabhaskarusa.com/,,YellowPages.ca,1,Unknown580,Unknown580@gmail.com
Dosa Boyz,551 Curran Pl Mississauga ON L5B 0L9,Guelph,(905) 566-9767,,,YellowPages.ca,1,Unknown581,Unknown581@gmail.com
Royal Tandoori Limited,1230 Mid-Way Blvd Mississauga ON L5T 2B8,Guelph,(905) 564-3100,http://www.newmidwayrestaurant.com/,,YellowPages.ca,1,Unknown582,Unknown582@gmail.com
Choice Indian Restaurant,1050 Upper Gage Ave Hamilton ON L8V 5B7,Guelph,(905) 575-4031,,,YellowPages.ca,1,Unknown583,Unknown583@gmail.com
Surbis Kitchen,145 Mountainash Rd Brampton ON L6R 1J1,Guelph,(905) 799-4691,https://www.facebook.com/surbiskitchen/,,YellowPages.ca,1,Unknown584,Unknown584@gmail.com
Tandoori House,1212 Dundas St W Mississauga ON L5C 1E2,Guelph,(905) 848-8400,,,YellowPages.ca,1,Unknown585,Unknown585@gmail.com
Saravana Bhavan,4559 Hurontario St Mississauga ON L4Z 3L9,Guelph,(905) 290-0769,,,YellowPages.ca,1,Unknown586,Unknown586@gmail.com
Bombay Bhel Restaurant,5035 Hurontario St Mississauga ON L4Z 3X7,Guelph,(905) 890-7955,http://www.bombaybhelrestaurant.com/,,YellowPages.ca,1,Unknown587,Unknown587@gmail.com
Sockan Cafe,10510 Torbram Rd Brampton ON L6R 3N9,Guelph,(905) 799-0347,https://www.facebook.com/LuckyCaters/,,YellowPages.ca,1,Unknown588,Unknown588@gmail.com
Nova Printing Inc,Mississauga ON L5K 1T3,Guelph,(905) 916-2999,,,YellowPages.ca,1,Unknown589,Unknown589@gmail.com
Radha Krushna,1-3075 Ridgeway Dr Mississauga ON L5L 5M6,Guelph,(905) 607-2220,,,YellowPages.ca,1,Unknown590,Unknown590@gmail.com
Hakka Wakka Inc,375 Howden Blvd Suite 3-A Brampton ON L6S 4L6,Guelph,(905) 499-9157,,,YellowPages.ca,1,Unknown591,Unknown591@gmail.com
Ranee's Roti,579 Kerr St Oakville ON L6K 3E1,Guelph,(905) 842-2111,https://www.facebook.com/pages/Ranees-Roti/173535556025623,,YellowPages.ca,1,Unknown592,Unknown592@gmail.com
Papa Kebob Restaurant,8-10970 Bramalea Rd Brampton ON L6R 3X1,Guelph,(905) 458-7272,http://www.facebook.com/papakebob,,YellowPages.ca,1,Unknown593,Unknown593@gmail.com
Pak Sweets & Catering,1010 DreamCrest Mississauga ON L5V 3A4,Guelph,(905) 567-8777,,,YellowPages.ca,1,Unknown594,Unknown594@gmail.com
Sweetland restaurant and sweets,860 North Park Dr Brampton ON L6S 4N5,Guelph,(905) 450-6666,,,YellowPages.ca,1,Unknown595,Unknown595@gmail.com
Warraich Meats Orangeville,65 Fourth Ave Orangeville ON L9W 1G7,Guelph,(519) 941-0405,,,YellowPages.ca,1,Unknown596,Unknown596@gmail.com
Avani Asian Indian Bistro,801 Matheson W Mississauga ON L5V 2N6,Guelph,(905) 501-0021,http://www.avani.ca/,,YellowPages.ca,1,Unknown597,Unknown597@gmail.com
Bombay Bhel Restaurant,2525 Hampshire Gate Oakville ON L6H 6C8,Guelph,(905) 829-1040,http://www.facebook.com/BombayBhelRestaurant,,YellowPages.ca,1,Unknown598,Unknown598@gmail.com
Dixie Sweets & Restaurant,630 Peter Robertson Boulevard Brampton ON L6R 1T4,Guelph,(905) 463-2233,https://www.facebook.com/Dixie-Sweets-Restaurant-181577528529034/,,YellowPages.ca,1,Unknown599,Unknown599@gmail.com
The Mirage Indian Cuisine,130 Father Tobin Rd Brampton ON L6R 3P1,Guelph,(905) 793-7707,https://www.facebook.com/pages/The-Mirage-Indian-Cuisine/692593210785738,,YellowPages.ca,1,Unknown600,Unknown600@gmail.com
Kori's Roti Stop,1026 Speers Rd Oakville ON L6L 2X4,Guelph,(905) 849-5510,http://www.korisroti.ca/,,YellowPages.ca,1,Unknown601,Unknown601@gmail.com
Dosa Boyz Inc,35 Resolution Dr Brampton ON L6W 0A6,Guelph,(905) 454-9399,,,YellowPages.ca,1,Unknown602,Unknown602@gmail.com
Ohé Bombay,3100 Winston Churchill Blvd Mississauga ON L5L 2V7,Guelph,(905) 608-8885,http://www.ohbombay.ca/,,YellowPages.ca,1,Unknown603,Unknown603@gmail.com
Howden Tandoori Flame,3A-375 Howden Blvd Brampton ON L6S 4L6,Guelph,(905) 230-1861,,,YellowPages.ca,1,Unknown604,Unknown604@gmail.com
Tandoori Flame,D2-5975 Mavis Road Mississauga ON L5R 3T7,Guelph,(905) 502-8555,http://www.facebook.com/177747849735920,,YellowPages.ca,1,Unknown605,Unknown605@gmail.com
Tikka Junction,26-295A Queen St E Brampton ON L6W 3R1,Guelph,(647) 429-4040,,,YellowPages.ca,1,Unknown606,Unknown606@gmail.com
Guru's Classic Indian & Hakka Chinese Cuisine,8C-5955 Latimer Dr Mississauga ON L5V 0B7,Guelph,(905) 567-9479,http://gurusindiancuisine.com/,,YellowPages.ca,1,Unknown607,Unknown607@gmail.com
Tandoori Tadka,09-20 Dewside Dr Brampton ON L6R 3Y3,Guelph,(416) 894-5770,https://www.facebook.com/Tandoori-Tadka-1218768831512701/,,YellowPages.ca,1,Unknown608,Unknown608@gmail.com
Lekochi Cuisine Ltd,20 Dewside Dr Brampton ON L6R 3Y3,Guelph,(905) 789-9998,,,YellowPages.ca,1,Unknown609,Unknown609@gmail.com
Amaya Express - Bramalea,10615 Bramalea Rd Brampton ON L6R 3P4,Guelph,(905) 458-7890,http://www.amayarestaurant.com/,,YellowPages.ca,1,Unknown610,Unknown610@gmail.com
Incredible India,10635 Bramalea Rd Brampton ON L6R 3P4,Guelph,(905) 789-7701,http://www.facebook.com/1267173453398946,,YellowPages.ca,1,Unknown611,Unknown611@gmail.com
Leela's Roti & Doubles,900 Rathburn Rd W Mississauga ON L5C 4L2,Guelph,(905) 232-9070,https://www.facebook.com/leelasroti/,,YellowPages.ca,1,Unknown612,Unknown612@gmail.com
Indian Flavour,35 Sunny Meadow Blvd Brampton ON L6R 0L6,Guelph,(905) 799-8224,,,YellowPages.ca,1,Unknown613,Unknown613@gmail.com
Madras Restaurant Ltd,2280 Bovaird Dr E Brampton ON L6R 3J5,Guelph,(905) 789-6600,https://madrasrestaurantbrampton.com/,,YellowPages.ca,1,Unknown614,Unknown614@gmail.com
Bukhara Grill,1170 Burnhamthorpe Rd W Mississauga ON L5C 4E6,Guelph,(905) 232-6813,http://bukharagrill.ca/,,YellowPages.ca,1,Unknown615,Unknown615@gmail.com
Nirvana The Flavors of India,35 Brunel Rd Mississauga ON L4Z 3E8,Guelph,(905) 501-5500,http://www.nirvanatheflavoursofindia.com/,,YellowPages.ca,1,Unknown616,Unknown616@gmail.com
Sahara Restaurant,1B-35 Brunel Rd Mississauga ON L4Z 3E8,Guelph,(905) 568-9300,http://www.saharaonline.ca/,,YellowPages.ca,1,Unknown617,Unknown617@gmail.com
Bollywood Unlimited Inc.,512 Bristol Rd W Mississauga ON L5R 3Z1,Guelph,(905) 712-0777,http://m4u.ca/,,YellowPages.ca,1,Unknown618,Unknown618@gmail.com
Mahal Restaurant,527 Upper Sherman Ave Hamilton ON L8V 3L9,Guelph,(905) 777-0077,http://www.menusonly.com/,,YellowPages.ca,1,Unknown619,Unknown619@gmail.com
Tandoori Flame,8150 Dixie Brampton ON L6T 4B8,Guelph,(905) 451-4990,https://www.facebook.com/tandooriflame/,,YellowPages.ca,1,Unknown620,Unknown620@gmail.com
Rick's Good Eat,6660 Kennedy Rd Mississauga ON L5T 2M9,Guelph,(905) 696-6966,https://ricksgoodeats.ca/,,YellowPages.ca,1,Unknown621,Unknown621@gmail.com
Rolling Bites,1300 Steeles Ave E Brampton ON L6T 1A2,Guelph,(647) 327-1972,https://www.instagram.com/rolling.bites.lb/,,YellowPages.ca,1,Unknown622,Unknown622@gmail.com
Indian Veg Food,8 Hoodless Crt Brantford ON N3T 0A8,Guelph,(289) 729-0713,,,YellowPages.ca,1,Unknown623,Unknown623@gmail.com
Lynn's Buccoo Reef Restaurant,284 Orenda Rd Brampton ON L6T 4X6,Guelph,(905) 452-7333,,,YellowPages.ca,1,Unknown624,Unknown624@gmail.com
Fresh Tandoori,945 Peter Robertson Blvd Brampton ON L6R 2R6,Guelph,(905) 792-1711,,,YellowPages.ca,1,Unknown625,Unknown625@gmail.com
Tandori Dorasoi,284 Orenda Rd Brampton ON L6T 5S3,Guelph,(905) 452-3627,http://minarsweets.ca/,,YellowPages.ca,1,Unknown626,Unknown626@gmail.com
Honey Bake Shop,331 King St W Kitchener ON N2G 1B8,Guelph,(519) 954-8983,,,YellowPages.ca,1,Unknown627,Unknown627@gmail.com
Fleetwood Acres Home Style Bakery Ltd,1847 Centre Rd Hamilton ON L8N 2Z7,Guelph,(905) 659-4545,http://www.fleetwoodacres.ca/,,YellowPages.ca,1,Unknown628,Unknown628@gmail.com
E&G Bakery,133 Metcalfe St Gd Elora ON N0B 1S0,Guelph,(519) 722-5483,,,YellowPages.ca,1,Unknown629,Unknown629@gmail.com
Lazeez Shawarma,"370 Stone Road West, Guelph",Guelph,,https://www.lazeezshawarma.com/,shawarma,OpenStreetMap,1,Unknown630,Unknown630@gmail.com
Souvlaki Flame Restaurant,"206 Speedvale Avenue West, Guelph",Guelph,,https://souvlakiflame.ca/,greek,OpenStreetMap,1,Unknown631,Unknown631@gmail.com
Wok Box,"492 Edinburgh Road South, Guelph",Guelph,,https://wokbox.ca/,asian,OpenStreetMap,1,Unknown632,Unknown632@gmail.com
Chubbs,"492 Edinburgh Road South, Guelph",Guelph,(519) 823-5005,https://www.chubbs.ca/,sandwich,OpenStreetMap,1,Unknown633,Unknown633@gmail.com
Market Co.,"32 Carden Street, Guelph",Guelph,,https://marketco.ca/,restaurant,OpenStreetMap,1,Unknown634,Unknown634@gmail.com
Pokehana,"18 Wilson Street, Guelph",Guelph,,https://pokehana.ca/,hawaiian,OpenStreetMap,1,Unknown635,Unknown635@gmail.com
Sweet!,"22 Carden Street, Guelph",Guelph,,,confectionery,OpenStreetMap,1,Unknown636,Unknown636@gmail.com
I Heart Boba,"70 Macdonell Street, Guelph",Guelph,,https://www.iheartboba.ca/,bubble tea,OpenStreetMap,1,Unknown637,Unknown637@gmail.com
Holy Shakes,,Guelph,,,restaurant,OpenStreetMap,1,Unknown638,Unknown638@gmail.com
YIAYIA,"304 Stone Road West, Guelph",Guelph,,https://yiayia.ca/,mediterranean,OpenStreetMap,1,Unknown639,Unknown639@gmail.com
Guac Mexi Grill,,Guelph,,,mexican,OpenStreetMap,1,Unknown640,Unknown640@gmail.com
Lost Aviator Coffee Co.,"404 York Road, Guelph",Guelph,(519) 400-8000,https://www.lostaviatorcoffee.com/,coffee shop,OpenStreetMap,1,Unknown641,Unknown641@gmail.com
Na Ha Thai's Kitchen,"471 York Road, Guelph",Guelph,(519) 362-1467,https://nahathaikitchen.ca/,thai,OpenStreetMap,1,Unknown642,Unknown642@gmail.com
Cafe Greek Garden,"497 York Road, Guelph",Guelph,(519) 821-0000,https://cafegreekgarden.ca/,greek,OpenStreetMap,1,Unknown643,Unknown643@gmail.com
Found Coffee Shop,"17 Gordon Street, Guelph",Guelph,(519) 836-4606,https://found.coffee/,coffee shop,OpenStreetMap,1,Unknown644,Unknown644@gmail.com
Two Plus Pizza,,Guelph,,,pizza,OpenStreetMap,1,Unknown645,Unknown645@gmail.com
Pizza Trokadero,,Guelph,,,pizza,OpenStreetMap,1,Unknown646,Unknown646@gmail.com
Pyramid Pizza and Wings,"206 Speedvale Avenue West, Guelph",Guelph,,https://pyramidpizza.ca/,pizza,OpenStreetMap,1,Unknown647,Unknown647@gmail.com
KANOO Coffee,82 Yarmouth Street,Guelph,,https://www.kanoocoffee.com/,cafe,OpenStreetMap,1,Unknown648,Unknown648@gmail.com
Fusion Authentic Indian Cuisine,96 Gordon Street,Guelph,(519) 265-0999,https://fusionindian.com/,indian,OpenStreetMap,1,Unknown649,Unknown649@gmail.com
The Round Table Board Game Café Guelph,"32 Essex Street, Guelph",Guelph,(519) 822-0505,https://roundtablekingdom.ca/,cafe,OpenStreetMap,1,Unknown650,Unknown650@gmail.com
Shawarma Alley,43 Macdonell Street,Guelph,(519) 763-3198,https://shawarma-alley.com/,kebab,OpenStreetMap,1,Unknown651,Unknown651@gmail.com
Super Happy Garden,Guelph,Guelph,,,chinese,OpenStreetMap,1,Unknown652,Unknown652@gmail.com
Queen's Cafe,Guelph,Guelph,,,cafe,OpenStreetMap,1,Unknown653,Unknown653@gmail.com
Kirtida Kitchen,245 Edinburgh Road South,Guelph,(519) 767-0055,http://www.kirtidakitchen.com/,indian,OpenStreetMap,1,Unknown654,Unknown654@gmail.com
West End Bakery,46 Waterloo Avenue,Guelph,(519) 824-6750,https://www.westendbakery.ca/,bakery,OpenStreetMap,1,Unknown655,Unknown655@gmail.com
Church's Chicken,"670 Woolwich Street, Guelph",Guelph,(519) 265-9848,https://ontario.churchstexaschicken.com/Location/670WoolwichStreetGuelph,chicken,OpenStreetMap,1,Unknown656,Unknown656@gmail.com
Helmand Kebab House,"486 Woodlawn Road East, Guelph",Guelph,(519) 265-8811,https://guelph.helmandkababhouse.com/,afghan,OpenStreetMap,1,Unknown657,Unknown657@gmail.com
Olive Tree,,Guelph,,,greek,OpenStreetMap,1,Unknown658,Unknown658@gmail.com
The Wingery,"208 Silvercreek Parkway North, Guelph",Guelph,(519) 265-2050,https://www.thewingery.ca/,wings,OpenStreetMap,1,Unknown659,Unknown659@gmail.com
Win Chinese Food,1467 Gordon Street S,Guelph,,https://winchinesefood.com/,chinese,OpenStreetMap,1,Unknown660,Unknown660@gmail.com
Guildsmen Café,"2 Gordon Street, Guelph",Guelph,(519) 835-2973,https://www.guildsmencafe.ca/,coffee shop,OpenStreetMap,1,Unknown661,Unknown661@gmail.com
Victoria’s Pizza,,Guelph,,,pizza,OpenStreetMap,1,Unknown662,Unknown662@gmail.com
DeBAR Dessert Cafe,105 Wyndham Street North,Guelph,(519) 803-7322,https://debar.ca,"breakfast, dessert, cafe",OpenStreetMap,1,Unknown663,Unknown663@gmail.com
Double Rainbow Cafe,"60 Ontario Street, Guelph",Guelph,,https://doublerainbowcafe.ca/,coffee shop,OpenStreetMap,1,Unknown664,Unknown664@gmail.com
Milk & Co. Gourmet Cookies,3A Wyndham Street North,Guelph,(548) 855-0023,https://www.milkcocookies.com/,bakery,OpenStreetMap,1,Unknown665,Unknown665@gmail.com
Guelph Pizza Wings & Burgers,"338 Waterloo Avenue, Guelph",Guelph,,https://guelphpizzawings.com/,"pizza, burger",OpenStreetMap,1,Unknown666,Unknown666@gmail.com
Biryani Delight,,Guelph,,,indian,OpenStreetMap,1,Unknown667,Unknown667@gmail.com
Broken English Bistro,,Guelph,,,restaurant,OpenStreetMap,1,Unknown668,Unknown668@gmail.com
Italy Pizza,,Guelph,,,pizza,OpenStreetMap,1,Unknown669,Unknown669@gmail.com
CoCo Fresh Tea & Juice,"1219 Gordon Street, Guelph",Guelph,,,bubble tea,OpenStreetMap,1,Unknown670,Unknown670@gmail.com
Wall Parr Sausage,,Guelph,,,hot dog,OpenStreetMap,1,Unknown671,Unknown671@gmail.com
Balzac’s Coffee Roasters,"5 Gordon Street, Guelph",Guelph,(519) 265-8828,https://shop.balzacs.com/pages/guelph,coffee shop,OpenStreetMap,1,Unknown672,Unknown672@gmail.com
Capistrano,,Guelph,,https://capistranobistro.ca/,coffee shop,OpenStreetMap,1,Unknown673,Unknown673@gmail.com
Refresh Juice Co.,33 Quebec Street,Guelph,,,juice,OpenStreetMap,1,Unknown674,Unknown674@gmail.com
The Wing Spot,23 Quebec Street,Guelph,,https://www.thewingspot.ca/,"american, quick service",OpenStreetMap,1,Unknown675,Unknown675@gmail.com
Eggcetra,,Guelph,,,breakfast,OpenStreetMap,1,Unknown676,Unknown676@gmail.com
Gordon Sushi House,"1219 Gordon Street, Guelph",Guelph,(519) 780-2222,https://gordonsushihouse.com/,sushi,OpenStreetMap,1,Unknown677,Unknown677@gmail.com
Jumbo 3 for 1 Pizza & Wings,"159 Fife Road, Guelph",Guelph,(519) 836-1818,https://www.jumbo3for1pizza.ca/,"pizza, wings",OpenStreetMap,1,Unknown678,Unknown678@gmail.com
La Cucina Pizzeria,43 Wyndham Street North,Guelph,,,italian,OpenStreetMap,1,Unknown679,Unknown679@gmail.com
Villa Madina,,Guelph,,,mediterranean,OpenStreetMap,1,Unknown680,Unknown680@gmail.com
imPerfect Fresh Eats,,Guelph,,,fast food,OpenStreetMap,1,Unknown681,Unknown681@gmail.com
z-teca Mexican Eatery,,Guelph,,,mexican,OpenStreetMap,1,Unknown682,Unknown682@gmail.com
Mr. Pretzels,,Guelph,,,pretzel,OpenStreetMap,1,Unknown683,Unknown683@gmail.com
Marble Slab Creamery,,Guelph,,,ice cream,OpenStreetMap,1,Unknown684,Unknown684@gmail.com
Topper's Pizza,,Guelph,(519) 310-7171,https://toppers.ca/,pizza,OpenStreetMap,1,Unknown685,Unknown685@gmail.com
Hanami Izakaya,86 Gordon Street,Guelph,(519) 265-5599,,japanese,OpenStreetMap,1,Unknown686,Unknown686@gmail.com
Tandoori Shawarma and Pizza,"1515 Gordon Street, Guelph",Guelph,(519) 821-0777,https://tandoorishawarmaandpizzaca.com/,"pizza, indian, international, shawarma",OpenStreetMap,1,Unknown687,Unknown687@gmail.com
The Real Deal Sports Bar & Billiards Inc.,,Guelph,,,restaurant,OpenStreetMap,1,Unknown688,Unknown688@gmail.com
Java Bean Cafe,"175 Chancellors Way, Guelph",Guelph,,,cafe,OpenStreetMap,1,Unknown689,Unknown689@gmail.com
Lazeez Shawarma,,Guelph,,,restaurant,OpenStreetMap,1,Unknown690,Unknown690@gmail.com
Piatto Pizzeria + Enoteca Guelph,"153 Wyndham Street North, Guelph",Guelph,,https://www.piattopizzeria.com/featured-locations/guelph,pizza,OpenStreetMap,1,Unknown691,Unknown691@gmail.com
New Orleans Pizza,,Guelph,,,pizza,OpenStreetMap,1,Unknown692,Unknown692@gmail.com
L’angolo Cafe,,Guelph,,,cafe,OpenStreetMap,1,Unknown693,Unknown693@gmail.com
Royal Paan,,Guelph,,,restaurant,OpenStreetMap,1,Unknown694,Unknown694@gmail.com
Kung Fu Tea,"206 Silvercreek Parkway North, Guelph",Guelph,(519) 836-8299,,bubble tea,OpenStreetMap,1,Unknown695,Unknown695@gmail.com
Reset Social Cafe,"1886 Gordon Street, Guelph",Guelph,,https://www.resetsocial.cafe,cafe,OpenStreetMap,1,Unknown696,Unknown696@gmail.com
Pür & Simple,"370 Stone Road West, Guelph",Guelph,,,breakfast,OpenStreetMap,1,Unknown697,Unknown697@gmail.com
With The Grain Bakery,"295 Woolwich Street, Guelph",Guelph,(519) 827-0008,https://withthegrain.ca/,bakery,OpenStreetMap,1,Unknown698,Unknown698@gmail.com
Moe's,,Guelph,,,hot dog,OpenStreetMap,1,Unknown699,Unknown699@gmail.com
Edo Japan,,Guelph,,,japanese,OpenStreetMap,1,Unknown700,Unknown700@gmail.com
Burrito Boys,"221 Woodlawn Road West, Guelph",Guelph,,,mexican,OpenStreetMap,1,Unknown701,Unknown701@gmail.com
Caribbean Delight,"221 Woodlawn Road West, Guelph",Guelph,,,jamaican,OpenStreetMap,1,Unknown702,Unknown702@gmail.com
Quesada,,Guelph,,,mexican,OpenStreetMap,1,Unknown703,Unknown703@gmail.com
Twice The Deal Pizza & Wings,"105 Clair Road East, Guelph",Guelph,(519) 763-7770,,pizza,OpenStreetMap,1,Unknown704,Unknown704@gmail.com
T.O.'s Kathi Roll Eatery,,Guelph,,,restaurant,OpenStreetMap,1,Unknown705,Unknown705@gmail.com
Victoria's Pizza,"259 Grange Road, Guelph",Guelph,(519) 821-1000,https://victoriaspizzaguelph.com/,pizza,OpenStreetMap,1,Unknown706,Unknown706@gmail.com
Costco Food Court,,Guelph,,,"hot dog, pizza, sandwich",OpenStreetMap,1,Unknown707,Unknown707@gmail.com
Dynamite pizza,"15 Speedvale Avenue East, Guelph",Guelph,,,pizza,OpenStreetMap,1,Unknown708,Unknown708@gmail.com
THE VILLAGE MARKET,120 May St RR 4 Rockwood ON N0B 2K0,Guelph,(519) 830-1560,,,YellowPages.ca,1,Unknown709,Unknown709@gmail.com
Bistro Réunion,42 Queen St Morriston ON N0B 2C0,Guelph,(519) 824-1878,https://www.reunionbistro.ca/,,YellowPages.ca,1,Unknown710,Unknown710@gmail.com
Cinnarolls,100 Jamieson Pky Cambridge ON N3C 4B3,Guelph,(519) 651-1290,,,YellowPages.ca,1,Unknown711,Unknown711@gmail.com
The Java Garden,2 Queen St E Cambridge ON N3C 2A6,Guelph,(519) 260-0783,,,YellowPages.ca,1,Unknown712,Unknown712@gmail.com
Sticky Rice Thai Restaurant,12 Queen St E Cambridge ON N3C 2A6,Guelph,(548) 288-4248,,,YellowPages.ca,1,Unknown713,Unknown713@gmail.com
Choun Kitchen,102-39 Queen St E Cambridge ON N3C 2A7,Guelph,(519) 260-9000,,,YellowPages.ca,1,Unknown714,Unknown714@gmail.com
Four Fathers Brewing,125 Guelph Ave Cambridge ON N3C 1A5,Guelph,(519) 658-4434,,,YellowPages.ca,1,Unknown715,Unknown715@gmail.com
Chompin At The Bit,189 Main N Rockwood ON N0B 2K0,Guelph,(519) 856-1220,https://chompinatthebit.ca/,,YellowPages.ca,1,Unknown716,Unknown716@gmail.com
DJ'S Donuts & Deli,261 Alma St Rockwood ON N0B 2K0,Guelph,(519) 856-2057,,,YellowPages.ca,1,Unknown717,Unknown717@gmail.com
Bollywood Bistro The,561 York Road Guelph ON N1E 3J3,Guelph,(519) 821-3999,http://www.thebollywoodbistro.com/,,YellowPages.ca,1,Unknown718,Unknown718@gmail.com
A-1 Steam Cleaning Service,579 Arkell Rd Arkell ON N0B 1C0,Guelph,(519) 822-0327,,,YellowPages.ca,1,Unknown719,Unknown719@gmail.com
Eh G,34 Queen St Morriston ON N0B 2C0,Guelph,(519) 767-9987,http://www.achangeofpacerestaurant.com/,,YellowPages.ca,1,Unknown720,Unknown720@gmail.com
Enver's of Morriston,42 Queen Street Morriston ON N0B 2C0,Guelph,(519) 821-2852,http://www.enversofmorriston.ca/,,YellowPages.ca,1,Unknown721,Unknown721@gmail.com
Milestones,185 Stone Rd W Guelph ON N1G 5L4,Guelph,(437) 524-1547,https://milestonesrestaurants.com/locations/guelph/,,YellowPages.ca,1,Unknown722,Unknown722@gmail.com
Mandarin Restaurant,565 Woodlawn Rd W Guelph ON N1K 1E9,Guelph,(519) 837-9000,http://www.mandarinrestaurant.com/,,YellowPages.ca,1,Unknown723,Unknown723@gmail.com
The Big Fat Jerk Caribbean Restaurant,42 Carden St Guelph ON N1H 3A2,Guelph,(647) 999-2956,https://bigfatjerk.ca/,,YellowPages.ca,1,Unknown724,Unknown724@gmail.com
Symposium Cafe Restaurant Guelph,5-304 Stone Rd W Guelph ON N1G 3C4,Guelph,(519) 824-4138,https://symposiumcafe.com/locations/guelph-restaurants,,YellowPages.ca,1,Unknown725,Unknown725@gmail.com
Duke & Duchess,900 Jamieson Pky Cambridge ON N3C 4N6,Guelph,(519) 654-2224,,,YellowPages.ca,1,Unknown726,Unknown726@gmail.com
Akropolis 5 Inc,150 Holiday Inn Dr Cambridge ON N3C 1Z5,Guelph,(519) 658-9355,https://www.timhortons.ca/menu,,YellowPages.ca,1,Unknown727,Unknown727@gmail.com
Golden Griddle,20 Woodlawn Rd E Guelph ON N1H 1G7,Guelph,(519) 836-4590,http://www.goldengriddleguelph.ca/,,YellowPages.ca,1,Unknown728,Unknown728@gmail.com
Creekside Kitchen,115 Downey Rd Guelph ON N1C 1A2,Guelph,(519) 821-7477,http://www.creeksidekitchen.ca/,,YellowPages.ca,1,Unknown729,Unknown729@gmail.com
Campus Bakery Co.,50 Stone Rd E Guelph ON N1G 2W1,Guelph,(519) 821-4120,http://www.facebook.com/12660,,YellowPages.ca,1,Unknown730,Unknown730@gmail.com
Black Bell Restaurant,107 Wyndham St N Guelph ON N1H 4E9,Guelph,(226) 343-8011,https://www.facebook.com/william.wei.75641,,YellowPages.ca,1,Unknown731,Unknown731@gmail.com
Cooks Corner Catering,16 Echo Dr Guelph ON N1G 1H2,Guelph,(519) 240-2512,http://www.facebook.com/7745,,YellowPages.ca,1,Unknown732,Unknown732@gmail.com
Elora Bread Trading Company Ltd,73 Metcalfe St Elora ON N0B 1S0,Guelph,(519) 846-8282,http://www.elorabread.ca/,,YellowPages.ca,1,Unknown733,Unknown733@gmail.com
Caribbean Jerk House,9 Norwich St W Toronto ON,Guelph,(647) 749-2467,,,YellowPages.ca,1,Unknown734,Unknown734@gmail.com
Thai Villa Cuisine,666 Woolwich St Guelph ON N1H 7G5,Guelph,(519) 822-9469,,,YellowPages.ca,1,Unknown735,Unknown735@gmail.com
Sam's Grill,55-100 Pinebush Rd Cambridge ON N1R 8J8,Guelph,(519) 267-8558,,,YellowPages.ca,1,Unknown736,Unknown736@gmail.com
Johnny Greekos,6-209 Pinebush Rd Cambridge ON N1R 7H8,Guelph,(548) 558-0806,,,YellowPages.ca,1,Unknown737,Unknown737@gmail.com
Hanami Izakaya,"A, 86 Gordon St Guelph ON N1H 4H6",Guelph,(519) 265-5599,,,YellowPages.ca,1,Unknown738,Unknown738@gmail.com
Pho Mindy,1453 Gordon St Guelph ON N1L 1C9,Guelph,(519) 827-2112,http://www.heritageperio.ca/,,YellowPages.ca,1,Unknown739,Unknown739@gmail.com
Einstein's Cafe,2 Grant Guelph ON N1H 4C3,Guelph,(519) 822-6742,http://einsteinscafe.net/,,YellowPages.ca,1,Unknown740,Unknown740@gmail.com
The Block,3 Wyndham St N Guelph ON N1H 4E2,Guelph,(519) 827-9378,http://www.ouderkirkandtaylor.com/,,YellowPages.ca,1,Unknown741,Unknown741@gmail.com
W Sushi,235 Edinburgh Rd S Guelph ON N1G 2J5,Guelph,(519) 821-6688,http://wsushi.com/,,YellowPages.ca,1,Unknown742,Unknown742@gmail.com
Diana Downtown,141 Wyndham St N Guelph ON N1H 4E9,Guelph,(519) 836-3460,http://www.dianadowntown.com/,,YellowPages.ca,1,Unknown743,Unknown743@gmail.com
Earth To Table Bread Bar,105 Gordon Guelph ON N1H 4H6,Guelph,(519) 767-2999,https://bardorestaurants.ca/,,YellowPages.ca,1,Unknown744,Unknown744@gmail.com
Lucky Belly,763 Woolwich St Guelph ON N1H 3Z2,Guelph,(519) 265-9222,http://theluckybelly.com/,,YellowPages.ca,1,Unknown745,Unknown745@gmail.com
Planet Bean Coffee,"367;369 Gordon Street, Guelph",Guelph,(519) 265-9533,https://planetbeancoffee.com/,coffee shop,OpenStreetMap,1,Unknown746,Unknown746@gmail.com
Dutch Toko European Deli,"666 Woolwich Street, Guelph",Guelph,(519) 822-4690,http://www.dutchtoko.ca/,deli,OpenStreetMap,1,Unknown747,Unknown747@gmail.com
Centurion Coffee,"30 Clair Road West, Guelph",Guelph,(226) 401-4464,https://www.centurioncoffee.ca/,coffee shop,OpenStreetMap,1,Unknown748,Unknown748@gmail.com
Montana's,"201 Stone Road West, Guelph",Guelph,,,barbecue,OpenStreetMap,1,Unknown749,Unknown749@gmail.com
Wally Parr Sausage,"1474 Gordon Street, Guelph",Guelph,,,"american, hot dog, sausage",OpenStreetMap,1,Unknown750,Unknown750@gmail.com
Scaddabush,"494 Edinburgh Road South, Guelph",Guelph,(519) 838-8457,,restaurant,OpenStreetMap,1,Unknown751,Unknown751@gmail.com
Creelman Hall,"99 College Avenue East, Guelph",Guelph,,,fast food,OpenStreetMap,1,Unknown752,Unknown752@gmail.com
The Bullring,"107 Trent Lane, Guelph",Guelph,,,restaurant,OpenStreetMap,1,Unknown753,Unknown753@gmail.com
Park Eatery,"294 Woolwich Street, Guelph",Guelph,(519) 265-9002,https://www.parkeatery.ca/,cafe,OpenStreetMap,1,Unknown754,Unknown754@gmail.com
Lady Glaze Doughnuts,46 Quebec Street,Guelph,(519) 265-0625,https://ladyglazedoughnuts.com/pages/contact,"donut, coffee shop",OpenStreetMap,1,Unknown755,Unknown755@gmail.com
Chat Time,,Guelph,,,bubble tea,OpenStreetMap,1,Unknown756,Unknown756@gmail.com
Score Pizza,"33 Wyndham Street North, Guelph",Guelph,(647) 459-2052,https://www.scorepizza.ca/,pizza,OpenStreetMap,1,Unknown757,Unknown757@gmail.com
Bknnah Ethiopian Restaurant,60 Carden Street,Guelph,(226) 820-3104,,"african, ethiopian, eritrean",OpenStreetMap,1,Unknown758,Unknown758@gmail.com
The Works,97 Wyndham Street North,Guelph,,,burger,OpenStreetMap,1,Unknown759,Unknown759@gmail.com
Sinaloa Factory Guelph,447 Elizabeth Street,Guelph,(519) 829-1051,https://www.sinaloafactory.com/,mexican,OpenStreetMap,1,Unknown760,Unknown760@gmail.com
Gino's Pizza,320 Eastview Road,Guelph,,,pizza,OpenStreetMap,1,Unknown761,Unknown761@gmail.com
Red Papaya Thai And Grill,55 Wyndham Street North,Guelph,,,thai,OpenStreetMap,1,Unknown762,Unknown762@gmail.com
The Potato Shack,300 Willow Road,Guelph,,https://potatoshack.ca/,"fries, poutine",OpenStreetMap,1,Unknown763,Unknown763@gmail.com
Local Haunt,2 Grant Street,Guelph,,https://localhaunt.ca/,restaurant,OpenStreetMap,1,Unknown764,Unknown764@gmail.com
Turtle Jack's,"515 Woodlawn Road West, Guelph",Guelph,,,restaurant,OpenStreetMap,1,Unknown765,Unknown765@gmail.com
The Boathouse,"116 Gordon Street, Guelph",Guelph,(519) 822-5692,https://www.theboathouseguelph.com/,"ice cream, sandwich",OpenStreetMap,1,Unknown766,Unknown766@gmail.com
Benjamin's Bodega,"88 Waterloo Avenue, Guelph",Guelph,(548) 855-0015,https://sagehomes6.wixsite.com/benjaminsbodega,coffee shop,OpenStreetMap,1,Unknown767,Unknown767@gmail.com
Stampede Ranch,"226 Woodlawn Road West, Guelph",Guelph,,,american,OpenStreetMap,1,Unknown768,Unknown768@gmail.com
Einstein's Cafe,"2;4 Grant Street, Guelph",Guelph,,,restaurant,OpenStreetMap,1,Unknown769,Unknown769@gmail.com
Zen Gardens,"104 Surrey Street East, Guelph",Guelph,,,restaurant,OpenStreetMap,1,Unknown770,Unknown770@gmail.com
Town and Country Restaurant,"683 Eramosa Road, Guelph",Guelph,(548) 855-0079,https://www.townandcountryguelph.ca/,"burger, american",OpenStreetMap,1,Unknown771,Unknown771@gmail.com
Chuck's Roadhouse,"261;263 Woodlawn Road West, Guelph",Guelph,(519) 265-6662,https://www.chucksroadhouse.com/,"burger, steak house",OpenStreetMap,1,Unknown772,Unknown772@gmail.com
Royal City Restaurant,"241 Edinburgh Road North, Guelph",Guelph,,,"chinese, american",OpenStreetMap,1,Unknown773,Unknown773@gmail.com
Rocky's Drive-In Ltd.,"520 Elizabeth Street, Guelph",Guelph,,,hot dog,OpenStreetMap,1,Unknown774,Unknown774@gmail.com
W Sushi,"235 Edinburgh Road South, Guelph",Guelph,,,sushi,OpenStreetMap,1,Unknown775,Unknown775@gmail.com
Uptown Grill,"694 Woolwich Street, Guelph",Guelph,,,restaurant,OpenStreetMap,1,Unknown776,Unknown776@gmail.com
Lucky Belly,"763 Woolwich Street, Guelph",Guelph,(519) 265-9222,https://theluckybelly.ca/,burger,OpenStreetMap,1,Unknown777,Unknown777@gmail.com
Sugo on Surrey,"117 Surrey Street East, Guelph",Guelph,,,restaurant,OpenStreetMap,1,Unknown778,Unknown778@gmail.com
Decadently Yours,"119 Surrey Street East, Guelph",Guelph,,,pastry,OpenStreetMap,1,Unknown779,Unknown779@gmail.com
Bardo,105 Gordon Street,Guelph,,,pizza,OpenStreetMap,1,Unknown780,Unknown780@gmail.com
Milestones,"185 Stone Road West, Guelph",Guelph,,https://www.milestonesrestaurants.com/,bar and grill,OpenStreetMap,1,Unknown781,Unknown781@gmail.com
Cadence,"88 Yarmouth Street, Guelph",Guelph,,,restaurant,OpenStreetMap,1,Unknown782,Unknown782@gmail.com
Laza Food & Beverages,"74 Ontario Street, Guelph",Guelph,(519) 731-2204,https://lazafandb.com/,ethiopian,OpenStreetMap,1,Unknown783,Unknown783@gmail.com
Manouche,88 Gordon Street,Guelph,(519) 265-8666,https://www.manouchegrill.com/,mediterranean,OpenStreetMap,1,Unknown784,Unknown784@gmail.com
Coco Latte,"55 Wyndham Street North, Guelph",Guelph,,,coffee shop,OpenStreetMap,1,Unknown785,Unknown785@gmail.com
Sakina's Catering,56 Washburn Dr Guelph ON N1E 0B2,Guelph,(647) 966-1559,http://www.facebook.com/10976,,YellowPages.ca,1,Unknown786,Unknown786@gmail.com
Manchu Wok,"292 Stone Road West, Guelph",Guelph,,,chinese,OpenStreetMap,1,Unknown787,Unknown787@gmail.com
Cultures,,Guelph,,,sandwich,OpenStreetMap,1,Unknown788,Unknown788@gmail.com
Kernels Popcorn,,Guelph,,,popcorn,OpenStreetMap,1,Unknown789,Unknown789@gmail.com
Chatime,,Guelph,,,bubble tea,OpenStreetMap,1,Unknown790,Unknown790@gmail.com
Ray's Chinese,,Guelph,,,chinese,OpenStreetMap,1,Unknown791,Unknown791@gmail.com
The Owl of Minerva,,Guelph,,,asian,OpenStreetMap,1,Unknown792,Unknown792@gmail.com
The Grind,,Guelph,,,cafe,OpenStreetMap,1,Unknown793,Unknown793@gmail.com
Booster Juice,,Guelph,,,juice,OpenStreetMap,1,Unknown794,Unknown794@gmail.com
The Great Canadian Bagel,,Guelph,,,restaurant,OpenStreetMap,1,Unknown795,Unknown795@gmail.com
Sushi-Q,,Guelph,,,sushi,OpenStreetMap,1,Unknown796,Unknown796@gmail.com
Cora,35 Harvard Road,Guelph,(519) 763-2844,https://chezcora.com/,breakfast,OpenStreetMap,1,Unknown797,Unknown797@gmail.com
Dough Box,,Guelph,,,pizza,OpenStreetMap,1,Unknown798,Unknown798@gmail.com
Golden Fish and Chips,,Guelph,,,fish and chips,OpenStreetMap,1,Unknown799,Unknown799@gmail.com
Spice Roots,,Guelph,,,indian,OpenStreetMap,1,Unknown800,Unknown800@gmail.com
Gino's Pizza,,Guelph,,,pizza,OpenStreetMap,1,Unknown801,Unknown801@gmail.com
Pizza Express Guelph,"672 Woolwich Street, Guelph",Guelph,(519) 837-0001,https://www.mypizzaexpress.ca/,pizza,OpenStreetMap,1,Unknown802,Unknown802@gmail.com
COBS Bread,"20 Clair Road West, Guelph",Guelph,(519) 821-5200,https://www.cobsbread.com/local-bakery/clair-marketplace-guelph/,bakery,OpenStreetMap,1,Unknown803,Unknown803@gmail.com
Mr Souvlaki,,Guelph,,,fast food,OpenStreetMap,1,Unknown804,Unknown804@gmail.com
Real Fruit Bubble Tea,,Guelph,,,bubble tea,OpenStreetMap,1,Unknown805,Unknown805@gmail.com
Pita Land,,Guelph,,,pita,OpenStreetMap,1,Unknown806,Unknown806@gmail.com
China Express,,Guelph,,,chinese,OpenStreetMap,1,Unknown807,Unknown807@gmail.com
Wings Up!,,Guelph,,,chicken,OpenStreetMap,1,Unknown808,Unknown808@gmail.com
Shawarma G,328 Speedvale Avenue East,Guelph,,,"shwarma, syrian",OpenStreetMap,1,Unknown809,Unknown809@gmail.com
Baskin-Robbins,,Guelph,,,ice cream,OpenStreetMap,1,Unknown810,Unknown810@gmail.com
Fresh Burrito,,Guelph,,,burrito,OpenStreetMap,1,Unknown811,Unknown811@gmail.com
KazaMeza,,Guelph,,,kebab,OpenStreetMap,1,Unknown812,Unknown812@gmail.com
Kirtida Kitchen,265 Eramosa Road,Guelph,(519) 766-0055,https://519-766-0055,indian,OpenStreetMap,1,Unknown813,Unknown813@gmail.com
M.E. Cafe,,Guelph,,,cafe,OpenStreetMap,1,Unknown814,Unknown814@gmail.com
Sweet Temptations Cupcakery,"1398 Gordon Street, Guelph",Guelph,,https://www.sweettemptations.ca/,bakery,OpenStreetMap,1,Unknown815,Unknown815@gmail.com
Williams Fresh Cafe,435 Stone Road West,Guelph,,,cafe,OpenStreetMap,1,Unknown816,Unknown816@gmail.com
BarBurrito,,Guelph,,https://www.barburrito.ca/location/guelph-35-harvard-road/,mexican,OpenStreetMap,1,Unknown817,Unknown817@gmail.com
Z-Teca,,Guelph,,,burrito,OpenStreetMap,1,Unknown818,Unknown818@gmail.com
Centurion Coffee,"1027 Gordon Street, Guelph",Guelph,(519) 265-7177,https://www.centurioncoffee.ca/,coffee shop,OpenStreetMap,1,Unknown819,Unknown819@gmail.com
Red Swan Pizza,,Guelph,,,pizza,OpenStreetMap,1,Unknown820,Unknown820@gmail.com
Manhattans,"951 Gordon Street, Guelph",Guelph,,https://manhattans.ca/,restaurant,OpenStreetMap,1,Unknown821,Unknown821@gmail.com
University Square Bakery and Deli,,Guelph,,,bakery,OpenStreetMap,1,Unknown822,Unknown822@gmail.com
Bob's Dogs,,Guelph,,,fast food,OpenStreetMap,1,Unknown823,Unknown823@gmail.com
Firehouse Subs,,Guelph,,,sandwich,OpenStreetMap,1,Unknown824,Unknown824@gmail.com
South Street Burger,,Guelph,,,burger,OpenStreetMap,1,Unknown825,Unknown825@gmail.com
BarBurrito,Guelph,Guelph,,https://www.barburrito.ca/location/guelph-clair-rd/,mexican,OpenStreetMap,1,Unknown826,Unknown826@gmail.com
Borealis Grille & Bar,"1388 Gordon Street, Guelph",Guelph,(519) 265-9007,https://borealisgrille.ca/,restaurant,OpenStreetMap,1,Unknown827,Unknown827@gmail.com
Wok's Taste Restaurant,"16 Carden Street, Guelph",Guelph,,https://wokstaste.ca/,chinese,OpenStreetMap,1,Unknown828,Unknown828@gmail.com
Mandarin,"565 Woodlawn Road West, Guelph",Guelph,(519) 837-9000,https://www.mandarinrestaurant.com/,"chinese, american, buffet",OpenStreetMap,1,Unknown829,Unknown829@gmail.com
Pita Pit,5 Woodlawn Road West,Guelph,,,pita,OpenStreetMap,1,Unknown830,Unknown830@gmail.com
Pizzaville,,Guelph,,,pizza,OpenStreetMap,1,Unknown831,Unknown831@gmail.com
Pressed for Time Paninis,"113 McDonnell Street, Guelph",Guelph,,,sandwich,OpenStreetMap,1,Unknown832,Unknown832@gmail.com
Rise & Shine,,Guelph,,,breakfast,OpenStreetMap,1,Unknown833,Unknown833@gmail.com
Miijidaa,,Guelph,,,local,OpenStreetMap,1,Unknown834,Unknown834@gmail.com
NV Kitchen + Bar,"16 Wyndham Street North, Guelph",Guelph,,https://nvkitchenbar.ca/,american,OpenStreetMap,1,Unknown835,Unknown835@gmail.com
Chuck's Roadhouse,,Guelph,,,"burger, steak house",OpenStreetMap,1,Unknown836,Unknown836@gmail.com
Williams Fresh Cafe,"Edinburgh Road South, Guelph",Guelph,,https://williamsfreshcafe.com,coffee shop,OpenStreetMap,1,Unknown837,Unknown837@gmail.com
West End Bakery,,Guelph,,,bakery,OpenStreetMap,1,Unknown838,Unknown838@gmail.com
Red Brick Cafe,8 Douglas Street,Guelph,(519) 836-1126,https://www.redbrickcafe.ca/,coffee shop,OpenStreetMap,1,Unknown839,Unknown839@gmail.com
Atmosphere Cafe + Etc,"24 Carden Street, Guelph",Guelph,,https://atmospherecafe.squarespace.com/,cafe,OpenStreetMap,1,Unknown840,Unknown840@gmail.com
La Reina,"10 Wyndham Street North, Guelph",Guelph,,https://www.lareina519.com/,mexican,OpenStreetMap,1,Unknown841,Unknown841@gmail.com
Mr. Sub,"23 Wellington Street East, Guelph",Guelph,(519) 823-4525,https://mrsub.ca/stores/23-wellington-st-east,sandwich,OpenStreetMap,1,Unknown842,Unknown842@gmail.com
The Cone Shoppe,,Guelph,,,ice cream,OpenStreetMap,1,Unknown843,Unknown843@gmail.com
Planet Bean Coffee,Guelph,Guelph,,,cafe,OpenStreetMap,1,Unknown844,Unknown844@gmail.com
Pita Pit,,Guelph,,,pita,OpenStreetMap,1,Unknown845,Unknown845@gmail.com
Sunset Grill,,Guelph,,https://sunsetgrill.ca/,american,OpenStreetMap,1,Unknown846,Unknown846@gmail.com
Sam's Grill,"715 Wellington Street West, Guelph",Guelph,,https://www.samsgrill.ca/,burger,OpenStreetMap,1,Unknown847,Unknown847@gmail.com
Cherry Blossom Sushi Bar,"103 Clair Road East, Guelph",Guelph,,https://cherryblossomsushibar.com/,sushi,OpenStreetMap,1,Unknown848,Unknown848@gmail.com
Thaï Express,,Guelph,,,thai,OpenStreetMap,1,Unknown849,Unknown849@gmail.com
Symposium Cafe Restaurant Guelph,"304 Stone Road West, Guelph",Guelph,(519) 824-4138,https://symposiumcafe.com/locations/guelph-restaurants,"breakfast, burger, dessert, coffee shop, sandwich, seafood, chicken, american, regional, ice cream, international, fish and chips, fish, salad, pasta, cake, juice",OpenStreetMap,1,Unknown850,Unknown850@gmail.com
Diwa Classic Indian Cuisine,"336 Speedvale Avenue West, Guelph",Guelph,(519) 826-9711,http://www.diwaindiancuisine.com/,indian,OpenStreetMap,1,Unknown851,Unknown851@gmail.com
Killer Cupcakes Goremet,"32 Wilson Street, Guelph",Guelph,(519) 993-2520,https://www.killercupcakes.ca/,bakery,OpenStreetMap,1,Unknown852,Unknown852@gmail.com
Decadently Yours,"119 Surrey St E, Guelph",Guelph,(519) 265-5314,https://decadentlyyours.ca/,bakery,OpenStreetMap,1,Unknown853,Unknown853@gmail.com
The Albion Hotel,"49 Norfolk St, Guelph",Guelph,(519) 821-7125,https://thealbionhotel.ca/menu/albion-kitchen/entrees/,restaurant,OpenStreetMap,1,Unknown854,Unknown854@gmail.com
Wellington Cakes,"9 Douglas St, Guelph",Guelph,(519) 836-5088,,bakery,OpenStreetMap,1,Unknown855,Unknown855@gmail.com
Soora,"45 Cork St E, Guelph",Guelph,(519) 265-9228,,restaurant,OpenStreetMap,1,Unknown856,Unknown856@gmail.com
Sweetea,,Guelph,,,bubble tea,OpenStreetMap,1,Unknown857,Unknown857@gmail.com
St. Louis Bar & Grill,,Guelph,,,chicken,OpenStreetMap,1,Unknown858,Unknown858@gmail.com
Wild Wing,,Guelph,,,chicken,OpenStreetMap,1,Unknown859,Unknown859@gmail.com
Pizza Depot,"995 Paisley Road, Guelph",Guelph,(519) 766-9711,,pizza,OpenStreetMap,1,Unknown860,Unknown860@gmail.com
JF Chen,"995 Paisley Road, Guelph",Guelph,(519) 822-8868,https://www.jfchen.ca/,chinese,OpenStreetMap,1,Unknown861,Unknown861@gmail.com
Burger Factory,"485 Silvercreek Parkway North #13, Guelph",Guelph,,,burger,OpenStreetMap,1,Unknown862,Unknown862@gmail.com
City Pizza,"20 Woodlawn Road East, Guelph",Guelph,,,pizza,OpenStreetMap,1,Unknown863,Unknown863@gmail.com
Stacked Pancake & Breakfast House,"20 Woodlawn Road East, Guelph",Guelph,,,breakfast,OpenStreetMap,1,Unknown864,Unknown864@gmail.com
Golden Fish & Chips,,Guelph,,,restaurant,OpenStreetMap,1,Unknown865,Unknown865@gmail.com
Starberry Cafe,"450 Woodlawn Road West, Guelph",Guelph,(519) 821-0003,www.starberrycafe.com,cafe,OpenStreetMap,1,Unknown866,Unknown866@gmail.com
Romero's Restaurant,,Guelph,,,italian,OpenStreetMap,1,Unknown867,Unknown867@gmail.com
Neighbours Coffee,"80 Imperial Road South, Guelph",Guelph,,,coffee shop,OpenStreetMap,1,Unknown868,Unknown868@gmail.com
Mr. Sub,,Guelph,(519) 822-2820,,sandwich,OpenStreetMap,1,Unknown869,Unknown869@gmail.com
Pho Saigon,,Guelph,,,vietnamese,OpenStreetMap,1,Unknown870,Unknown870@gmail.com
Old Fashioned Deli,,Guelph,,,deli,OpenStreetMap,1,Unknown871,Unknown871@gmail.com
Buns Master,,Guelph,,,bakery,OpenStreetMap,1,Unknown872,Unknown872@gmail.com
Zest Cafe,"650 Woodlawn Road West, Guelph",Guelph,,,cafe,OpenStreetMap,1,Unknown873,Unknown873@gmail.com
Osmow's,,Guelph,,,"mediterranean, shawarma",OpenStreetMap,1,Unknown874,Unknown874@gmail.com
Sol Bakery,"160 MacDonell Street, Guelph",Guelph,,,"coffee shop, wine, sandwich",OpenStreetMap,1,Unknown875,Unknown875@gmail.com
City Pizza,,Guelph,,,pizza,OpenStreetMap,1,Unknown876,Unknown876@gmail.com
RJ’s Sports Bar & Grill,"253 Woodlawn Road West, Guelph",Guelph,,,restaurant,OpenStreetMap,1,Unknown877,Unknown877@gmail.com
Denny's,"327 Woodlawn Road West, Guelph",Guelph,(519) 763-9464,https://www.dennys.ca/,american,OpenStreetMap,1,Unknown878,Unknown878@gmail.com
COBS Bread,"1005 Paisley Road, Guelph",Guelph,,,bakery,OpenStreetMap,1,Unknown879,Unknown879@gmail.com
Guelph BBQ,"650 Scottsdale Drive, Guelph",Guelph,(519) 823-8181,https://guelphbbq.com/,chinese,OpenStreetMap,1,Unknown880,Unknown880@gmail.com
Polestar Hearth,"535 Woolwich Street, Guelph",Guelph,(519) 265-4300,http://www.polestarhearth.com,bakery,OpenStreetMap,1,Unknown881,Unknown881@gmail.com
Menchie's,,Guelph,,,frozen yogurt,OpenStreetMap,1,Unknown882,Unknown882@gmail.com
Twice The Deal Pizza & Wings,"715 Wellington Street West, Guelph",Guelph,,,pizza,OpenStreetMap,1,Unknown883,Unknown883@gmail.com
Canadian Grill,"340 Woodlawn Road West, Guelph",Guelph,,,"american, lebanese",OpenStreetMap,1,Unknown884,Unknown884@gmail.com
San Francisco Panini,"485 Silvercreek Parkway North, Guelph",Guelph,,,sandwich,OpenStreetMap,1,Unknown885,Unknown885@gmail.com
Coffee Time,,Guelph,,,coffee shop,OpenStreetMap,1,Unknown886,Unknown886@gmail.com
Chocolats Favoris,20 Clair Road West,Guelph,(519) 826-0808,,chocolate,OpenStreetMap,1,Unknown887,Unknown887@gmail.com
Kenzo,,Guelph,,,japanese,OpenStreetMap,1,Unknown888,Unknown888@gmail.com
Pizza Nova,,Guelph,,,pizza,OpenStreetMap,1,Unknown889,Unknown889@gmail.com
Pierogi House,"5 Clair Road West, Guelph",Guelph,,https://www.pierogihouse.ca,polish,OpenStreetMap,1,Unknown890,Unknown890@gmail.com
Shoeless Joe's,,Guelph,,https://www.shoelessjoes.ca/,grill,OpenStreetMap,1,Unknown891,Unknown891@gmail.com
Mir Zinger Chick,,Guelph,,,restaurant,OpenStreetMap,1,Unknown892,Unknown892@gmail.com
Paghman Kabob,"650 Scottsdale Drive, Guelph",Guelph,(519) 265-2221,,"afghan, pizza",OpenStreetMap,1,Unknown893,Unknown893@gmail.com
Gotcha Bubble Tea,"650 Scottsdale Drive, Guelph",Guelph,(519) 288-6868,,bubble tea,OpenStreetMap,1,Unknown894,Unknown894@gmail.com
Fluffy Glaze,"650 Scottsdale Drive, Guelph",Guelph,,,donut,OpenStreetMap,1,Unknown895,Unknown895@gmail.com
Impero Bar & Grill,"219 Silvercreek Parkway North, Guelph",Guelph,,https://silvercreeks360.ca/,"american, burger",OpenStreetMap,1,Unknown896,Unknown896@gmail.com
Puffle Cafe,"219 Silvercreek Parkway North, Guelph",Guelph,(519) 265-2200,https://pufflecafe.store/,"ice cream, coffee shop, dessert",OpenStreetMap,1,Unknown897,Unknown897@gmail.com
The Nguyen's,"400 Speedvale Avenue West, Guelph",Guelph,,https://thenguyens.ca/,vietnamese,OpenStreetMap,1,Unknown898,Unknown898@gmail.com
Warka Tree,75 Willow Road,Guelph,(226) 909-0541,https://warkatreerestaurant.com,"ethiopian, canadian",OpenStreetMap,1,Unknown899,Unknown899@gmail.com
Adulis Caffe,,Guelph,,,cafe,OpenStreetMap,1,Unknown900,Unknown900@gmail.com
Lovely Pao,"355 Elmira Road North, Guelph",Guelph,(519) 821-3181,,filipino,OpenStreetMap,1,Unknown901,Unknown901@gmail.com
State & Main,,Guelph,,,american,OpenStreetMap,1,Unknown902,Unknown902@gmail.com
San Francisco Panini,"20 Cowan Place, Guelph",Guelph,,,sandwich,OpenStreetMap,1,Unknown903,Unknown903@gmail.com
Twice the Deal Pizza & Wings,,Guelph,,,pizza,OpenStreetMap,1,Unknown904,Unknown904@gmail.com
Philthy Philly's,,Guelph,,,sandwich,OpenStreetMap,1,Unknown905,Unknown905@gmail.com
La Cucina,,Guelph,,,italian,OpenStreetMap,1,Unknown906,Unknown906@gmail.com
Southern Fried Chicken,,Guelph,,,chicken,OpenStreetMap,1,Unknown907,Unknown907@gmail.com
Yeeros,,Guelph,,,greek,OpenStreetMap,1,Unknown908,Unknown908@gmail.com
Fat Bastard Burrito,,Guelph,,,mexican,OpenStreetMap,1,Unknown909,Unknown909@gmail.com
Eric the Baker,"46 Carden Street, Guelph",Guelph,,,bakery,OpenStreetMap,1,Unknown910,Unknown910@gmail.com
Planet Bean Coffee,"2 Wyndham Street North, Guelph",Guelph,,https://planetbeancoffee.com/,coffee shop,OpenStreetMap,1,Unknown911,Unknown911@gmail.com
Bombay Kitchen,,Guelph,,,indian,OpenStreetMap,1,Unknown912,Unknown912@gmail.com
Tangy & Tasty Shawarma,"75 MacDonell Street, Guelph",Guelph,,http://www.tangytastyguelph.com/,restaurant,OpenStreetMap,1,Unknown913,Unknown913@gmail.com
York Rd Kitchen & Chocolate Bar,"648 York Road, Guelph",Guelph,,,restaurant,OpenStreetMap,1,Unknown914,Unknown914@gmail.com
Coco Chicken,"71 Macdonell Street, Guelph",Guelph,(519) 780-2959,,chicken,OpenStreetMap,1,Unknown915,Unknown915@gmail.com
Eat Thai,80 Macdonell Street,Guelph,(519) 826-6709,http://www.eatthai.ca/,thai,OpenStreetMap,1,Unknown916,Unknown916@gmail.com
Western Burgers & Steaks,,Guelph,,,restaurant,OpenStreetMap,1,Unknown917,Unknown917@gmail.com
My Kitty Cafe,"117 Wyndham Street North, Guelph",Guelph,(226) 979-5775,https://mykittycafe.com/,cafe,OpenStreetMap,1,Unknown918,Unknown918@gmail.com
Diana Downtown,"141 Wyndham Street North, Guelph",Guelph,(519) 836-3460,https://www.dianadowntown.com/,indian,OpenStreetMap,1,Unknown919,Unknown919@gmail.com
Double Double Pizza & Wings,,Guelph,,,pizza,OpenStreetMap,1,Unknown920,Unknown920@gmail.com
Thai Villa Cuisine,666 Woolwich Street,Guelph,(519) 822-5346,https://thaivilla.ca/,thai,OpenStreetMap,1,Unknown921,Unknown921@gmail.com
Vienna,,Guelph,,,restaurant,OpenStreetMap,1,Unknown922,Unknown922@gmail.com
Crafty Ramen,17 Macdonell Street,Guelph,,https://craftyramen.com/,ramen,OpenStreetMap,1,Unknown923,Unknown923@gmail.com
The Common,"28 Wilson Street, Guelph",Guelph,,,coffee shop,OpenStreetMap,1,Unknown924,Unknown924@gmail.com
K-Bop Korean BBQ In a Box,"20 Wyndham Street North, Guelph",Guelph,,,korean,OpenStreetMap,1,Unknown925,Unknown925@gmail.com
Gin Mill,"107 Wyndham Street North, Guelph",Guelph,,,restaurant,OpenStreetMap,1,Unknown926,Unknown926@gmail.com
Spanky's BBQ,"10 Woodlawn Road East, Guelph",Guelph,,,restaurant,OpenStreetMap,1,Unknown927,Unknown927@gmail.com
Cavan Coffee,"1467 Gordon Street S, Guelph",Guelph,(519) 265-9144,https://cavan.coffee/,cafe,OpenStreetMap,1,Unknown928,Unknown928@gmail.com
Retour Bistro,"150 Wellington Street East, Guelph",Guelph,,,lebanese,OpenStreetMap,1,Unknown929,Unknown929@gmail.com
Blue Chopstix,"219 Silvercreek Parkway North, Guelph",Guelph,(519) 265-7555,https://www.bluechopstix.com/,"chinese, thai",OpenStreetMap,1,Unknown930,Unknown930@gmail.com
Victoria's Pizza,218 Silvercreek Parkway North,Guelph,(519) 766-4222,https://victoriaspizzaguelph.com/,pizza,OpenStreetMap,1,Unknown931,Unknown931@gmail.com
Meltwich Food Co.,,Guelph,,,sandwich,OpenStreetMap,1,Unknown932,Unknown932@gmail.com
Shawarma Fusion,"130 Silvercreek Parkway North, Guelph",Guelph,,,kebab,OpenStreetMap,1,Unknown933,Unknown933@gmail.com
Captain Jack's,"450 Woodlawn Road West, Guelph",Guelph,(519) 826-7444,https://www.captainjacks-restaurant.com/,fish and chips,OpenStreetMap,1,Unknown934,Unknown934@gmail.com
Pho Kinh Do,"650 Woodlawn Road West, Guelph",Guelph,(519) 780-1144,,"vietnamese, thai",OpenStreetMap,1,Unknown935,Unknown935@gmail.com
Ben Thanh,,Guelph,,,"vietnamese, thai",OpenStreetMap,1,Unknown936,Unknown936@gmail.com
Which Craft,91 Wyndham Street North,Guelph,(519) 766-9515,https://whichcraftguelph.ca/,barbecue,OpenStreetMap,1,Unknown937,Unknown937@gmail.com
Buon Gusto,,Guelph,,,italian,OpenStreetMap,1,Unknown938,Unknown938@gmail.com
Wimpy's Diner,"25 Wyndham Street North, Guelph",Guelph,,,diner,OpenStreetMap,1,Unknown939,Unknown939@gmail.com
Osmow's,"19 Wyndham Street North, Guelph",Guelph,(519) 836-4747,https://osmows.com/,"mediterranean, shawarma",OpenStreetMap,1,Unknown940,Unknown940@gmail.com
Lisa's Cookhouse,781 York Rd Guelph ON N1E 6N1,Guelph,(519) 716-6325,http://www.facebook.com/15024,,YellowPages.ca,1,Unknown941,Unknown941@gmail.com
Osmow's Grill Shawarma,15 Wyndham St N Guelph ON N1H 4E4,Guelph,(519) 836-4747,,,YellowPages.ca,1,Unknown942,Unknown942@gmail.com
Jackson E L,29 Barton St Guelph ON N1H 1M4,Guelph,(519) 341-9991,,,YellowPages.ca,1,Unknown943,Unknown943@gmail.com
Boom Candy,142 Martin Ross Ave North York ON M3J 2L4,Guelph,(416) 800-4314,,,YellowPages.ca,1,Unknown944,Unknown944@gmail.com
The Candy Machine,653 Dupont St Toronto ON M6G 1Z4,Guelph,(905) 531-8872,,,YellowPages.ca,1,Unknown945,Unknown945@gmail.com
Sugar Sugar Candy Store,675 St Clair Ave W Toronto ON M6C 1A7,Guelph,(416) 531-1555,http://www.facebook.com/246559152358635,,YellowPages.ca,1,Unknown946,Unknown946@gmail.com
LOLcandy,113 Dolomite Dr North York ON M3J 2N1,Guelph,(416) 854-4383,http://www.LOLcandy.com/,,YellowPages.ca,1,Unknown947,Unknown947@gmail.com
Beschle Chocolatier Suisse,1 Yorkdale Rd Toronto ON M6A 3C2,Guelph,(416) 970-4777,http://www.facebook.com/678644702273843,,YellowPages.ca,1,Unknown948,Unknown948@gmail.com
The Candy Bar,849 College St Toronto ON M6H 1A1,Guelph,(416) 532-0123,http://www.thecandybar.ca/,,YellowPages.ca,1,Unknown949,Unknown949@gmail.com
Decarm Health,888 College St Toronto ON M6H 1A3,Guelph,(416) 535-8844,http://www.facebook.com/291770347910697,,YellowPages.ca,1,Unknown950,Unknown950@gmail.com
Twisted Sisters Gourmet Pretzels & Treats,3-40 Kodiak Cres North York ON M3J 3G5,Guelph,(416) 662-7488,http://www.twistedsisters.ca/,,YellowPages.ca,1,Unknown951,Unknown951@gmail.com
Amazing Biscotti Co,1 Steven Ave North York ON M6B 3L7,Guelph,(416) 785-5764,http://www.facebook.com/194364520946686,,YellowPages.ca,1,Unknown952,Unknown952@gmail.com
Essen Vending Inc,206-150 Neptune Dr Toronto ON M6A 2Y9,Guelph,(416) 830-6993,https://www.facebook.com/Essen-Vending-Inc-241240445905357/,,YellowPages.ca,1,Unknown953,Unknown953@gmail.com
Immaculate Confection Ltd,220 Yonge Vaughan ON L4J 4P8,Guelph,(905) 597-2460,http://www.rockychock.com/,,YellowPages.ca,1,Unknown954,Unknown954@gmail.com
Candy Haven Tourists,1233 King St W Toronto ON M6K 1G3,Guelph,(416) 532-0651,,,YellowPages.ca,1,Unknown955,Unknown955@gmail.com
Kairos Cocada Baiana/Sweet Coconut Candy,484 Whitmore Ave Toronto ON M6E 2N8,Guelph,(647) 741-2018,https://www.facebook.com/cocadaskairos/,,YellowPages.ca,1,Unknown956,Unknown956@gmail.com
Laura Secord,4045-900 Dufferin St Toronto ON M6H 4A9,Guelph,(416) 645-1064,,,YellowPages.ca,1,Unknown957,Unknown957@gmail.com
Liquid Candy Designs,40 O'Hara Ave Toronto ON M6K 2P8,Guelph,(416) 453-7294,http://www.facebook.com/704272783008532,,YellowPages.ca,1,Unknown958,Unknown958@gmail.com
The Candi Factory,69 Hewitt Ave Toronto ON M6R 1Y4,Guelph,(416) 504-1991,https://www.facebook.com/pages/The-Candi-Factory/1253480251337059,,YellowPages.ca,1,Unknown959,Unknown959@gmail.com
Layer Age Beauty,201-2151 St Clair Ave W Toronto ON M6N 1K5,Guelph,(604) 319-4280,,,YellowPages.ca,1,Unknown960,Unknown960@gmail.com
Morris National Inc,100 Jacob Keffer Pky Concord ON L4K 4W3,Guelph,(905) 879-7777,http://morrisnational.com/,,YellowPages.ca,1,Unknown961,Unknown961@gmail.com
Sweet Comfort,824 Sheppard Ave W North York ON M3H 2T2,Guelph,(416) 630-0811,http://www.facebook.com/1538382639798201,,YellowPages.ca,1,Unknown962,Unknown962@gmail.com
Gourmet Delight Co,3877 Jane St Toronto ON M3N 2K1,Guelph,(416) 633-3098,http://www.facebook.com/1061197797287033,,YellowPages.ca,1,Unknown963,Unknown963@gmail.com
Dessert Lady Cafe,7 Saint Thomas St Toronto ON M5S 2B7,Guelph,(416) 924-3223,http://www.dessertlady.ca/,,YellowPages.ca,1,Unknown964,Unknown964@gmail.com
Chocolart,2042 Sheppard Ave E Toronto ON M2J 5B3,Guelph,(647) 977-0835,http://chocolart.ca/,,YellowPages.ca,1,Unknown965,Unknown965@gmail.com
Chocolat De Kat,2480 Yonge St Toronto ON M4P 2H5,Guelph,(416) 303-8208,https://www.facebook.com/chocolatdekat/,,YellowPages.ca,1,Unknown966,Unknown966@gmail.com
Sugar Mountain Confectionery,2291 Yonge St Toronto ON M4P 2C6,Guelph,(416) 486-9321,http://www.sugarmountain.ca/,,YellowPages.ca,1,Unknown967,Unknown967@gmail.com
Candy Island,110 Walton St Toronto ON M5G 1Z2,Guelph,(905) 340-1398,,,YellowPages.ca,1,Unknown968,Unknown968@gmail.com
Sugar Mountain,130 King St W Toronto ON M5X 2A2,Guelph,(416) 364-1461,http://www.sweet-temptations.ca/,,YellowPages.ca,1,Unknown969,Unknown969@gmail.com
Dahso,15 St Clair Ave W Toronto ON M4V 1K6,Guelph,(416) 922-3000,,,YellowPages.ca,1,Unknown970,Unknown970@gmail.com
Tutti Fruitti TGH,200 Elizabeth St Toronto ON M5G 2C4,Guelph,(416) 260-5414,http://tuttifruitti.com/,,YellowPages.ca,1,Unknown971,Unknown971@gmail.com
Evermore Gourmet,700 University Av Toronto ON M5G 1Z5,Guelph,(416) 598-3143,,,YellowPages.ca,1,Unknown972,Unknown972@gmail.com
Scoop Shop by Sweet Sammies,808 Dundas St W Toronto ON M6J 1V3,Guelph,(416) 854-2949,http://www.scoopshop.ca/,,YellowPages.ca,1,Unknown973,Unknown973@gmail.com
Belly Treats Inc,200 Wellington St W Toronto ON M5V 3C7,Guelph,(416) 408-1764,https://www.facebook.com/pages/Belly-Treats/184735034903371,,YellowPages.ca,1,Unknown974,Unknown974@gmail.com
Short And Sweet Cupcakes,1945 Avenue Rd North York ON M5M 4A2,Guelph,(416) 519-6633,http://shortandsweetcupcakes.ca/,,YellowPages.ca,1,Unknown975,Unknown975@gmail.com
Candy Shop Test 2,420 Wellington St W Toronto ON M5V 1E3,Guelph,(416) 623-9330,https://www.facebook.com/Candy-Shop-Test-2-1839833002955856/,,YellowPages.ca,1,Unknown976,Unknown976@gmail.com
Candyland,619 King Street West Toronto ON M5V 1M5,Guelph,(647) 347-6400,,,YellowPages.ca,1,Unknown977,Unknown977@gmail.com
Tutti Fruitti,402 Bloor St W Toronto ON M5S 1X5,Guelph,(416) 929-1693,http://www.tfyogurt.com/,,YellowPages.ca,1,Unknown978,Unknown978@gmail.com
Tutty Fruiti,402 Bloor St W Toronto ON M5S 1X5,Guelph,(416) 929-4691,http://www.tuttifruttikensington.com/,,YellowPages.ca,1,Unknown979,Unknown979@gmail.com
Kookie Stix,511-10 Shallmar Blvd Toronto ON M5N 1J4,Guelph,(647) 968-7476,http://www.facebook.com/255597871154576,,YellowPages.ca,1,Unknown980,Unknown980@gmail.com
Pope Francis CES,15 av Secord Kleinburg ON L4H 3Z3,Guelph,(905) 893-8782,,,YellowPages.ca,1,Unknown981,Unknown981@gmail.com
Rheo Thompson Candies,55 Albert St Stratford ON N5A 3K2,Guelph,(519) 271-6910,http://rheothompson.com/,,YellowPages.ca,1,Unknown982,Unknown982@gmail.com
Candy Kreations,19 Morpeth Rd Brampton ON L6W 2Z3,Guelph,(905) 866-5858,http://www.facebook.com/131855643879032,,YellowPages.ca,1,Unknown983,Unknown983@gmail.com
The Sweet Paistry,Mississauga ON L5R 3A7,Guelph,(647) 382-8649,,,YellowPages.ca,1,Unknown984,Unknown984@gmail.com
Bernard Callebbaut,194 Lakeshore Rd E Oakville ON L6J 1H6,Guelph,(905) 339-2100,http://www.bernardcallebaut.com/,,YellowPages.ca,1,Unknown985,Unknown985@gmail.com
Brampton Sweet Factory,8 Strathearn Brampton ON L6T 4L9,Guelph,(905) 790-0333,,,YellowPages.ca,1,Unknown986,Unknown986@gmail.com
CR Kitchen Food Fair,3353 The Credit Woodlands Mississauga ON L5C 2K1,Guelph,(905) 275-1771,,,YellowPages.ca,1,Unknown987,Unknown987@gmail.com
Purdys Chocolatier,"999 Upper Wentworth St,Lime Ridge Mall Hamilton ON L9A 4X5",Guelph,(905) 385-3162,https://www.purdys.com/,,YellowPages.ca,1,Unknown988,Unknown988@gmail.com
Liz's Sweet Shop,711 Winterton Way Mississauga ON L5R 3H7,Guelph,(647) 991-7038,http://www.facebook.com/464175940434769,,YellowPages.ca,1,Unknown989,Unknown989@gmail.com
Sugar Mountain,25 Peel Centre Dr Brampton ON L6T 3R5,Guelph,(905) 793-2064,http://www.sugarmountain.ca/,,YellowPages.ca,1,Unknown990,Unknown990@gmail.com
Godiva,501-25 Peel Centre Dr Brampton ON L6T 3R5,Guelph,(905) 451-9722,http://www.godiva.com/,,YellowPages.ca,1,Unknown991,Unknown991@gmail.com
Simply Chocolates,54 Shepherd Rd Oakville ON L6K 2G5,Guelph,(905) 337-8792,,,YellowPages.ca,1,Unknown992,Unknown992@gmail.com
Oj,Mississauga ON,Guelph,(416) 222-5643,,,YellowPages.ca,1,Unknown993,Unknown993@gmail.com
A Chocolate Lab,511 Pinegrove Rd Oakville ON L6K 2C2,Guelph,(416) 529-9337,https://achocolatelab.com/,,YellowPages.ca,1,Unknown994,Unknown994@gmail.com
Candy Clouds,9 Peel St Brantford ON N3S 5L3,Guelph,(519) 761-1887,,,YellowPages.ca,1,Unknown995,Unknown995@gmail.com
The Chocolate Shop,114 Broadway Ave Orangeville ON L9W 1J9,Guelph,(519) 941-8968,,,YellowPages.ca,1,Unknown996,Unknown996@gmail.com
The Allan Candy Company,356 Emerald St N Hamilton ON L8L 8K6,Guelph,(905) 527-2250,http://www.facebook.com/219320275466286,,YellowPages.ca,1,Unknown997,Unknown997@gmail.com
The Candy Shop,314 Barton St E Hamilton ON L8L 2X5,Guelph,(905) 297-7941,http://www.facebook.com/229281691159421,,YellowPages.ca,1,Unknown998,Unknown998@gmail.com
Karma Candy,356 Emerald St N Hamilton ON L8L 8K6,Guelph,(905) 527-6222,http://www.karmacandy.ca/,,YellowPages.ca,1,Unknown999,Unknown999@gmail.com
AMICI'S RESTAURANT,690 Woolwich St Guelph ON N1H 3Z1,Guelph,(519) 821-2711,,,YellowPages.ca,1,Unknown1000,Unknown1000@gmail.com
Squish Candies,100 City Centre Dr Mississauga ON L5B 2C9,Guelph,(905) 277-0315,https://www.squishcandies.com/en_ca,,YellowPages.ca,1,Unknown1001,Unknown1001@gmail.com
Sugar King Factory,100 City Centre Dr Mississauga ON L5B 2C9,Guelph,(905) 232-0510,http://www.sugarkingfactory.ca/,,YellowPages.ca,1,Unknown1002,Unknown1002@gmail.com
Olvi Importing Ltd,460 Garyray Dr North York ON M9L 1P8,Guelph,(416) 749-5840,http://www.olvi.ca/,,YellowPages.ca,1,Unknown1003,Unknown1003@gmail.com
Cambridge Confections Co,3257 Lenworth Dr Mississauga ON L4X 2G6,Guelph,(905) 625-2994,https://www.facebook.com/pages/Cambridge-Confections-Co/126403058231834,,YellowPages.ca,1,Unknown1004,Unknown1004@gmail.com
Sweet Candy Creation,76 Saint Lucie Dr North York ON M9M 1T2,Guelph,(647) 204-5191,http://sweetcandycreation.com/,,YellowPages.ca,1,Unknown1005,Unknown1005@gmail.com
Olde Tyme Kettle Kitchen,617 Douro St Stratford ON N5A 0B5,Guelph,(519) 271-1190,http://oldetymegrocery.com/,,YellowPages.ca,1,Unknown1006,Unknown1006@gmail.com
BonBons & Brittle,11911 Cold Creek Rd Kleinburg ON L0J 1C0,Guelph,(905) 893-3337,http://www.bonbonsandbrittle.com/,,YellowPages.ca,1,Unknown1007,Unknown1007@gmail.com
The Sugar Shoppe,Vaughan ON L4H 1Z9,Guelph,(416) 420-7789,,,YellowPages.ca,1,Unknown1008,Unknown1008@gmail.com
Candy Floss Land,230 King St E Bolton ON L7E 3H8,Guelph,(905) 951-1695,,,YellowPages.ca,1,Unknown1009,Unknown1009@gmail.com
Sweets Canada,600-555 Burhamthorpe Rd Toronto ON M9C 2Y3,Guelph,(416) 492-3492,,,YellowPages.ca,1,Unknown1010,Unknown1010@gmail.com
Sugar Mountain,87-1250 South Service Rd Mississauga ON L5E 1V4,Guelph,(905) 990-2470,,,YellowPages.ca,1,Unknown1011,Unknown1011@gmail.com
Peak Chocolate,7255 Dooley Dr Mississauga ON L4T 2S7,Guelph,(416) 276-1756,https://www.facebook.com/Peak-Chocolate-459136270876365/,,YellowPages.ca,1,Unknown1012,Unknown1012@gmail.com
Across The Pond,128 Parkdale Ave N Hamilton ON L8H 5X2,Guelph,(905) 312-8617,http://www.facebook.com/pages/Across-the-Pond-British-Imports/153708484730561?sk=info&ref=page_internal,,YellowPages.ca,1,Unknown1013,Unknown1013@gmail.com
Em & Li Maple Shop,111-2325 Hurontario St Mississauga ON L5A 4C7,Guelph,(905) 444-4446,,,YellowPages.ca,1,Unknown1014,Unknown1014@gmail.com
La Bonita,109-1065 Pl Canadian Mississauga ON L4W 0C2,Guelph,(905) 232-0915,,,YellowPages.ca,1,Unknown1015,Unknown1015@gmail.com
Candy Bar,115 Hillcrest Ave Mississauga ON L5B 3Y9,Guelph,(647) 236-6171,http://www.facebook.com/127767138012608,,YellowPages.ca,1,Unknown1016,Unknown1016@gmail.com
Sweet Dreams By Aletta,"6-370 Rathburn Rd E, (Suite 7) Rathburn Road East Mississauga Ontario Mississauga ON L4Z 1H7",Guelph,(647) 998-1403,https://www.facebook.com/Sweet-Dreams-By-Aletta-922617307790013/,,YellowPages.ca,1,Unknown1017,Unknown1017@gmail.com
Laura Secord And Hallmark,950 Southdown Rd Mississauga ON L5J 2Y4,Guelph,(905) 403-8776,,,YellowPages.ca,1,Unknown1018,Unknown1018@gmail.com
The Treat Shoppe,17-7956 Torbram Rd Brampton ON L6T 5A2,Guelph,(905) 602-6266,http://www.treatshoppe.com/,,YellowPages.ca,1,Unknown1019,Unknown1019@gmail.com
Demers Chocolates,49 Rita Ave Hamilton ON L8W 1M4,Guelph,(289) 237-5468,http://www.facebook.com/330010480859165,,YellowPages.ca,1,Unknown1020,Unknown1020@gmail.com
Sweet Passion,3041 Finch Ave W Toronto ON M9M 0A4,Guelph,(647) 680-6460,https://www.facebook.com/Sweet-Passion-404828722925518/,,YellowPages.ca,1,Unknown1021,Unknown1021@gmail.com
Js'sweets,212-215 Gosford Blvd Toronto ON M3N 2W2,Guelph,(416) 665-3346,http://www.jsweets.ca/,,YellowPages.ca,1,Unknown1022,Unknown1022@gmail.com
Adore Confections,Shaughnessy Blvd Toronto ON M2J 1K7,Guelph,(416) 250-1932,https://www.facebook.com/Adore-Confections-107959453137982/,,YellowPages.ca,1,Unknown1023,Unknown1023@gmail.com
S'Wheat Dreams Bake Shop,77 Mill St E Acton ON L7J 1H5,Guelph,(519) 853-2352,,,YellowPages.ca,1,Unknown1024,Unknown1024@gmail.com
A & J'S BAKERY & RESTAURANT,26 Dickson St Cambridge ON N1R 1T4,Guelph,(519) 740-0836,,,YellowPages.ca,1,Unknown1025,Unknown1025@gmail.com
Sittler's Home Baking,Conestogo St Jacobs ON N0B 1N0,Guelph,(519) 664-2386,http://www.facebook.com/pages/Sittlers-Home-Baking-Conestogo/130279200325233,,YellowPages.ca,1,Unknown1026,Unknown1026@gmail.com
Norris Bakery,1-460 Frédérick St Kitchener ON N2H 2P5,Guelph,(519) 742-0564,http://www.norrisbakery.com/,,YellowPages.ca,1,Unknown1027,Unknown1027@gmail.com
Kim Do Bakery,Cambridge ON,Guelph,(519) 575-6688,,,YellowPages.ca,1,Unknown1028,Unknown1028@gmail.com
Cake Box,Cambridge ON,Guelph,(519) 579-6230,,,YellowPages.ca,1,Unknown1029,Unknown1029@gmail.com
Erma K Martin,12 Covered Bridge Dr West Montrose ON N0B 2V0,Guelph,(519) 669-4646,,,YellowPages.ca,1,Unknown1030,Unknown1030@gmail.com
Silva's Portuguese Bakery,45 McLaren Avenue Cambridge ON N1R 8K9,Guelph,(519) 622-7042,http://silvasportuguesebakery.com/,,YellowPages.ca,1,Unknown1031,Unknown1031@gmail.com
Rising Dough Bakery,927 King St E Cambridge ON N3H 3P4,Guelph,(519) 650-2774,,,YellowPages.ca,1,Unknown1032,Unknown1032@gmail.com
Cinnabon,120 Main St Cambridge ON N1R 1V7,Guelph,(519) 622-3188,http://cinnabon.homestead.com/index.html,,YellowPages.ca,1,Unknown1033,Unknown1033@gmail.com
Dvas Custom Cakes & Treats,383 Elgin St N Cambridge ON N1R 8C1,Guelph,(519) 267-3827,http://www.dvascustomcakes.com/,,YellowPages.ca,1,Unknown1034,Unknown1034@gmail.com
Catering by Suzanne,111 Westminster Drive North Cambridge ON N3H 1S1,Guelph,(226) 218-4522,https://cateringbysuzanne.ca/,,YellowPages.ca,1,Unknown1035,Unknown1035@gmail.com
Fresh Bakery,264 Shady Glen Cres Kitchener ON N2R 0J9,Guelph,(519) 578-0326,,,YellowPages.ca,1,Unknown1036,Unknown1036@gmail.com
British Pride Bakery,6-561 Hespeler Rd Cambridge ON N1R 6J4,Guelph,(519) 267-4844,http://www.britishpride.ca/,,YellowPages.ca,1,Unknown1037,Unknown1037@gmail.com
The Cakesmith,561 Hespeler Rd Cambridge ON N1R 6J4,Guelph,(519) 616-4529,,,YellowPages.ca,1,Unknown1038,Unknown1038@gmail.com
COBS Bread,561 Hespeler Road Cambridge ON N1R 6J3,Guelph,(519) 621-4222,https://www.cobsbread.com/pages/bakeries/cambridge-north-bakery,,YellowPages.ca,1,Unknown1039,Unknown1039@gmail.com
Kira's Cookies,100 Chester Dr Cambridge ON N1T 0C8,Guelph,(226) 929-2430,,,YellowPages.ca,1,Unknown1040,Unknown1040@gmail.com
Sweet Dreams Bakery,11A Ainslie St N Cambridge ON N1R 3J3,Guelph,(519) 722-1679,,,YellowPages.ca,1,Unknown1041,Unknown1041@gmail.com
Sweet Molly's British Shop Tea Room & Bakery,4-352 Queen St Acton ON L7J 1R2,Guelph,(519) 853-0100,https://www.facebook.com/SweetMollys/,,YellowPages.ca,1,Unknown1042,Unknown1042@gmail.com
Chocolate Rose,51 Stilecroft Dr Toronto ON M3J 1A6,Guelph,(416) 631-7466,http://www.facebook.com/1600641643596237,,YellowPages.ca,1,Unknown1043,Unknown1043@gmail.com
zara bakery,,Guelph,(226) 899-7239,,,YellowPages.ca,1,Unknown1044,Unknown1044@gmail.com
Lenjo Bakes,132 Ahrens St W Unit B Kitchener ON N2H 4C7,Guelph,(519) 778-4898,,,YellowPages.ca,1,Unknown1045,Unknown1045@gmail.com
Parmalat Bakery Division-Colonial Cookies,135 Otonabee Dr Kitchener ON N2C 1L7,Guelph,(416) 213-5621,,,YellowPages.ca,1,Unknown1046,Unknown1046@gmail.com
Fergies Fine Foods,250 St Andrew St E Fergus ON N1M 1R1,Guelph,(519) 787-7700,http://www.fergies.ca/,,YellowPages.ca,1,Unknown1047,Unknown1047@gmail.com
Jirina's Bakery Wedding Cakes,1-196 Victoria St N Kitchener ON N2H 5C6,Guelph,(519) 570-0790,http://www.jirinasbakery.com/,,YellowPages.ca,1,Unknown1048,Unknown1048@gmail.com
Nova Era Bakery & Pastry,376 King St E Kitchener ON N2G 2L5,Guelph,(519) 578-0513,http://www.novaera.ca/,,YellowPages.ca,1,Unknown1049,Unknown1049@gmail.com
New Dominion Bakery Ltd.,Kitchener ON,Guelph,(519) 745-8995,,,YellowPages.ca,1,Unknown1050,Unknown1050@gmail.com
Gluten Free By Suzie,Kitchener ON,Guelph,(226) 507-0952,,,YellowPages.ca,1,Unknown1051,Unknown1051@gmail.com
COBS Bread,10 Manitou Drive Kitchener ON N2C 2N3,Guelph,(519) 893-1024,https://www.cobsbread.com/pages/bakeries/fairway-plaza-bakery,,YellowPages.ca,1,Unknown1052,Unknown1052@gmail.com
Sugar Daddies Bakery,33 Main St Cambridge ON N1R 1V6,Guelph,(226) 566-9701,,,YellowPages.ca,1,Unknown1053,Unknown1053@gmail.com
Mom?S Bread & Pie,562 King St E Kitchener ON N2G 2M1,Guelph,(548) 288-4307,,,YellowPages.ca,1,Unknown1054,Unknown1054@gmail.com
Dee's Bakery,118 St Andrews St Cambridge ON N1S 1M8,Guelph,(519) 740-0305,http://www.buttertartstodiefor.ca/,,YellowPages.ca,1,Unknown1055,Unknown1055@gmail.com
Sweet Serendipity,477 Lancaster St W Kitchener ON N2K 1L7,Guelph,(647) 627-5593,,,YellowPages.ca,1,Unknown1056,Unknown1056@gmail.com
Weston Bakeries Limited Ontario,560 Victoria N Kit Kitchener ON N2H 2A1,Guelph,(519) 742-4491,http://www.weston.ca/,,YellowPages.ca,1,Unknown1057,Unknown1057@gmail.com
Weston Bakeries Outlet Store,632 Victoria St N Kitchener ON N2H 5G1,Guelph,(519) 742-4214,https://www.facebook.com/pages/Weston-Bakeries-Outlet-Store/257627921247007,,YellowPages.ca,1,Unknown1058,Unknown1058@gmail.com
El Antojo Bakery & Cafe,5-825 Weber St E Kitchener ON N2H 1H5,Guelph,(226) 240-1238,,,YellowPages.ca,1,Unknown1059,Unknown1059@gmail.com
Layers Of Joy,33 Main St Cambridge ON N1R 1V6,Guelph,(519) 721-1339,,,YellowPages.ca,1,Unknown1060,Unknown1060@gmail.com
Canada Bread Company Ltd,100 Sheldon Dr Cambridge ON N1R 7S7,Guelph,(519) 622-4607,,,YellowPages.ca,1,Unknown1061,Unknown1061@gmail.com
RDJ Bakeries,56 Stafford Crt Cambridge ON N1T 1B3,Guelph,(519) 623-4964,,,YellowPages.ca,1,Unknown1062,Unknown1062@gmail.com
Dar's Delights,11004 First Line Campbellville ON L0P 1J0,Guelph,(905) 854-4331,,,YellowPages.ca,1,Unknown1063,Unknown1063@gmail.com
Crazy Candy,5361 Yonge St Toronto ON M2N 5R6,Guelph,(647) 709-9211,https://www.facebook.com/Crazy-candy-812813545452820/,,YellowPages.ca,1,Unknown1064,Unknown1064@gmail.com
Ultimate Truffle,7355 Bayview Avenue Markham ON L3T 5Z2,Guelph,(905) 881-6959,http://www.theultimatetruffle.ca/,,YellowPages.ca,1,Unknown1065,Unknown1065@gmail.com
Leonidas Chocolates,484 Danforth Ave 1st Fl Toronto ON M4K 1P6,Guelph,(416) 462-0008,http://www.facebook.com/180321615342183,,YellowPages.ca,1,Unknown1066,Unknown1066@gmail.com
Baked With Joy,57 Glen Cameron Rd Thornhill ON L3T 1P3,Guelph,(905) 881-8963,http://bakedwithjoy.com/,,YellowPages.ca,1,Unknown1067,Unknown1067@gmail.com
Lk Bonbon,7181 Yonge St Thornhill ON L3T 0C7,Guelph,(647) 764-0573,,,YellowPages.ca,1,Unknown1068,Unknown1068@gmail.com
Concord Confections Inc,519 North Rivermede Rd Thornhill ON,Guelph,(905) 738-9108,,,YellowPages.ca,1,Unknown1069,Unknown1069@gmail.com
Concord Confections Inc,345 Courtland Thornhill ON,Guelph,(905) 660-8989,,,YellowPages.ca,1,Unknown1070,Unknown1070@gmail.com
BonBon Queen ReCocco&Comp,35 Church Ave Toronto ON M5E 1T3,Guelph,(416) 436-0060,,,YellowPages.ca,1,Unknown1071,Unknown1071@gmail.com
Mel Binh,10-238 Wellesley St E Toronto ON M4X 1G2,Guelph,(604) 317-5953,https://www.facebook.com/Mel-Binh-791397830878972/,,YellowPages.ca,1,Unknown1072,Unknown1072@gmail.com
Delish Kitch,6655 Concession 1 Puslinch ON N0B 2J0,Guelph,(519) 654-0203,,,YellowPages.ca,1,Unknown1073,Unknown1073@gmail.com
Ha Docinhos,North York Toronto ON M2N 1P2,Guelph,(647) 529-2660,https://www.facebook.com/hadocinhos/,,YellowPages.ca,1,Unknown1074,Unknown1074@gmail.com
Purdys Chocolatier,"4841 Yonge St,Yonge and Sheppard Centre North York ON M2N 5X2",Guelph,(416) 250-0275,https://www.purdys.com/,,YellowPages.ca,1,Unknown1075,Unknown1075@gmail.com
Uncle John's Candy Shack,635 Mount Pleasant Rd Toronto ON M4S 2M9,Guelph,(416) 789-1133,http://www.facebook.com/177952088919844,,YellowPages.ca,1,Unknown1076,Unknown1076@gmail.com
Aren'T We Sweet,95 Front St E Toronto ON M5E 1C2,Guelph,(416) 850-6132,http://www.arentwesweet.com/,,YellowPages.ca,1,Unknown1077,Unknown1077@gmail.com
Dipped By Kg,245 Davisville Ave Toronto ON M4S 3H4,Guelph,(416) 305-5584,https://www.facebook.com/dippedbykg/,,YellowPages.ca,1,Unknown1078,Unknown1078@gmail.com
Truly Fine Chocolates,20 King St W Toronto ON M5H 1C4,Guelph,(416) 955-0277,,,YellowPages.ca,1,Unknown1079,Unknown1079@gmail.com
Candy Express,1031 McNicoll Ave Toronto ON M1W 3W6,Guelph,(416) 497-0993,http://www.facebook.com/149794801707397,,YellowPages.ca,1,Unknown1080,Unknown1080@gmail.com
The Candy Depot,907 Danforth Ave Toronto ON M4J 1L8,Guelph,(416) 462-2633,http://www.facebook.com/123041101082146,,YellowPages.ca,1,Unknown1081,Unknown1081@gmail.com
Sweet Factory,1800 Sheppard Ave E North York ON M2J 5A7,Guelph,(416) 497-0663,http://www.facebook.com/225488501149699,,YellowPages.ca,1,Unknown1082,Unknown1082@gmail.com
Imagination Chariot Candy Factory,54 Wheeler Ave Toronto ON M4L 3V2,Guelph,(416) 698-6142,http://www.facebook.com/1062908023772780,,YellowPages.ca,1,Unknown1083,Unknown1083@gmail.com
BlackCat Candy Distribution,391 Steelcase Rd W Markham ON L3R 3V9,Guelph,(877) 252-5228,http://www.facebook.com/7379,,YellowPages.ca,1,Unknown1084,Unknown1084@gmail.com
British Bakery & Cafe,7-900 Jamieson Pky Cambridge ON N3C 4N6,Guelph,(519) 651-2700,,,YellowPages.ca,1,Unknown1085,Unknown1085@gmail.com
Cakes Cuppies & Other Confections,16 Sacha Rd Cambridge ON N3C 4A1,Guelph,(519) 807-7456,,,YellowPages.ca,1,Unknown1086,Unknown1086@gmail.com
Good Fellows Field To Work,155 Main St S Guelph-Eramosa ON N0B 2K0,Guelph,(519) 856-9000,,,YellowPages.ca,1,Unknown1087,Unknown1087@gmail.com
"Thatcher Farms Butcher Shop, Bakery And Farm Mar ket",5727 5Th Line Rr 1 Rockwood ON N0B 2K0,Guelph,(519) 856-4073,,,YellowPages.ca,1,Unknown1088,Unknown1088@gmail.com
University Square Bakery Deli,11-987 Gordon St Guelph ON N1G 4W3,Guelph,(519) 822-4363,http://universitysquarebakerydeli.ca/,,YellowPages.ca,1,Unknown1089,Unknown1089@gmail.com
Polestar Hearth Bakery,535 Woolwich St Guelph ON N1H 3X9,Guelph,(519) 265-4300,,,YellowPages.ca,1,Unknown1090,Unknown1090@gmail.com
Strom's Farm,5089 Wellington Rd 32 Guelph ON N1H 6J4,Guelph,(519) 822-1070,http://www.strom.ca/,,YellowPages.ca,1,Unknown1091,Unknown1091@gmail.com
Arctic Delights,16 Ingram Dr Guelph ON N1E 0A9,Guelph,(226) 203-6275,http://www.facebook.com/3145,,YellowPages.ca,1,Unknown1092,Unknown1092@gmail.com
National Bakery,23 Gordon St Guelph ON N1H 4G9,Guelph,(519) 822-3256,http://www.facebook.com/6764,,YellowPages.ca,1,Unknown1093,Unknown1093@gmail.com
Wellington Cakes,9 Douglas St Guelph ON N1H 2S7,Guelph,(519) 836-5088,http://wellingtoncakes.ca/,,YellowPages.ca,1,Unknown1094,Unknown1094@gmail.com
Vege-Hut,109-355 Elmira Rd N Guelph ON N1K 1H3,Guelph,(519) 837-2334,http://vegehutbakeryguelph.com/,,YellowPages.ca,1,Unknown1095,Unknown1095@gmail.com
D Decadently Yours,119 Surrey St E Guelph ON N1H 3P7,Guelph,(519) 265-5314,http://www.decadentlyyours.ca/,,YellowPages.ca,1,Unknown1096,Unknown1096@gmail.com
Buns Master Bakery,256 Silvercreek Pky N Guelph ON N1H 1E7,Guelph,(519) 821-0582,http://www.members.guelphdirect.info/,,YellowPages.ca,1,Unknown1097,Unknown1097@gmail.com
The Sweetest Things,959 Kingston Rd Toronto ON M4E 1S8,Guelph,(416) 690-4438,https://the-sweetest-things.ca/,,YellowPages.ca,1,Unknown1098,Unknown1098@gmail.com
Clintwood Housing Co-Op,1974 Victoria Park Ave North York ON M1R 1T9,Guelph,(416) 510-1447,,,YellowPages.ca,1,Unknown1099,Unknown1099@gmail.com
Munchee's Variety,171 King St E Hamilton ON L8N 1B3,Guelph,(905) 906-5267,https://www.facebook.com/Munchees-Variety-580778705284812/,,YellowPages.ca,1,Unknown1100,Unknown1100@gmail.com
Laura Secord,5111 New St Burlington ON L7L 1V2,Guelph,(905) 639-0454,http://www.laurasecord.ca/,,YellowPages.ca,1,Unknown1101,Unknown1101@gmail.com
Centrum Innovations,Oakville ON,Guelph,(905) 464-6663,,,YellowPages.ca,1,Unknown1102,Unknown1102@gmail.com
Wimpy's Diner,480 Hespeler Rd Cambridge ON N1R 7R9,Guelph,(519) 621-0530,http://wimpysdiner.ca/,,YellowPages.ca,1,Unknown1103,Unknown1103@gmail.com
Mrs Vanelli's,355 Hespeler Rd Cambridge ON N1R 6B3,Guelph,(519) 622-4386,,,YellowPages.ca,1,Unknown1104,Unknown1104@gmail.com
Jimmy The Greek,355 Hespeler Rd Cambridge ON N1R 6B3,Guelph,(519) 624-2441,http://jimmythegreek.com/,,YellowPages.ca,1,Unknown1105,Unknown1105@gmail.com
Fast Eddie's,1055 Elgin St N Cambridge ON N1R 8J4,Guelph,(519) 623-7332,http://fasteddieracewear.com/,,YellowPages.ca,1,Unknown1106,Unknown1106@gmail.com
The Gators Tail,1-970 Franklin Blvd Cambridge ON N1R 8R3,Guelph,(519) 620-9800,http://www.thegatorstail.com/,,YellowPages.ca,1,Unknown1107,Unknown1107@gmail.com
Smokin' Tony's BBQ,471 Hespeler Rd Peterborough ON,Guelph,(226) 318-0809,,,YellowPages.ca,1,Unknown1108,Unknown1108@gmail.com
Mozy's Shawarma,471 Hespeler Rd Cambridge ON N1R 6J2,Guelph,(519) 624-0471,http://www.mozys.ca/,,YellowPages.ca,1,Unknown1109,Unknown1109@gmail.com
Restaurant Dessert,480 Hespeler Rd Cambridge ON N1R 7R9,Guelph,(519) 623-3000,,,YellowPages.ca,1,Unknown1110,Unknown1110@gmail.com
Milestones,510 Hespeler Rd Cambridge ON N1R 6J7,Guelph,(519) 622-6446,http://www.milestonesrestaurants.com/,,YellowPages.ca,1,Unknown1111,Unknown1111@gmail.com
Quizno's Sub,580 Hespeler Rd Cambridge ON N1R 6J8,Guelph,(519) 621-8331,,,YellowPages.ca,1,Unknown1112,Unknown1112@gmail.com
Vsat Canada Inc,506 Hespeler Rd Cambridge ON N1R 6J7,Guelph,(519) 740-7888,https://order.swisschalet.com?store=1780,,YellowPages.ca,1,Unknown1113,Unknown1113@gmail.com
Royal Indian Buffet,525 Hespeler Rd Cambridge ON N1R 6J2,Guelph,(519) 740-4949,,,YellowPages.ca,1,Unknown1114,Unknown1114@gmail.com
Burrito Boyz,A2 534 Hespeler Rd Cambridge ON N1R 6J7,Guelph,(519) 622-2699,,,YellowPages.ca,1,Unknown1115,Unknown1115@gmail.com
Unofficial: Dummy,438 Zeller Dr Kitchener ON N2A 0C9,Guelph,(519) 591-0535,https://www.facebook.com/Unofficial-Dummy-1230583820353324/,,YellowPages.ca,1,Unknown1116,Unknown1116@gmail.com
MR.SUB,550 Hespeler Rd Cambridge ON N1R 6J8,Guelph,(519) 621-1141,https://mrsub.ca/order-now/,,YellowPages.ca,1,Unknown1117,Unknown1117@gmail.com
BEERTOWN,561 Hespeler Rd Cambridge ON N1R 6J4,Guelph,(519) 629-0288,,,YellowPages.ca,1,Unknown1118,Unknown1118@gmail.com
Country Girl Family Restaurant,2-561 Hespeler Rd Cambridge ON N1R 6J4,Guelph,(519) 621-6888,,,YellowPages.ca,1,Unknown1119,Unknown1119@gmail.com
Osmow's Shawarma,355 Hespeler Road Cambridge ON N1R 6B3,Guelph,(519) 620-0009,http://www.osmows.com/menu,,YellowPages.ca,1,Unknown1120,Unknown1120@gmail.com
Panago Pizza,1055 Fountain St N Cambridge ON N3H 5K2,Guelph,310-0001,,,YellowPages.ca,1,Unknown1121,Unknown1121@gmail.com
PIT STOP GRILL,1572 Victoria St N Kitchener ON N2B 3E5,Guelph,(519) 729-6954,https://www.facebook.com/The-Pitstop-Grill-743797819091219/,,YellowPages.ca,1,Unknown1122,Unknown1122@gmail.com
PREMIERE CATERING,C8-800 Franklin Blvd Cambridge ON N1R 7Z1,Guelph,(519) 623-8906,,,YellowPages.ca,1,Unknown1123,Unknown1123@gmail.com
C. C. Family Restaurant,246 King St E Cambridge ON N3H 3M6,Guelph,(519) 650-8118,,,YellowPages.ca,1,Unknown1124,Unknown1124@gmail.com
Doremi Candy House,2 King St W Hamilton ON L8P 1A1,Guelph,(905) 572-7788,,,YellowPages.ca,1,Unknown1125,Unknown1125@gmail.com
A & A Grill And Restaurant,12-200 Lorraine Ave Kitchener ON N2B 3R3,Guelph,(226) 647-2008,http://www.facebook.com/364482167083865,,YellowPages.ca,1,Unknown1126,Unknown1126@gmail.com
Silvertip Loung,396 Morrison Rd Kitchener ON N2A 2Z6,Guelph,(519) 894-5631,,,YellowPages.ca,1,Unknown1127,Unknown1127@gmail.com
Cello Products Inc.,210 Avenue Rd Cambridge ON N1R 8H5,Guelph,(519) 621-9150,,,YellowPages.ca,1,Unknown1128,Unknown1128@gmail.com
Amici Restaurant,30 Glamis Rd Cambridge ON N1R 7H5,Guelph,(519) 624-8984,,,YellowPages.ca,1,Unknown1129,Unknown1129@gmail.com
Matador Tavern & Supper Club,250 Hespeler Rd Cambridge ON N1R 3H3,Guelph,(519) 800-9710,,,YellowPages.ca,1,Unknown1130,Unknown1130@gmail.com
Irie Myrie's,35 Cherry Blossom Rd Cambridge ON N3H 4R7,Guelph,(519) 650-0888,,,YellowPages.ca,1,Unknown1131,Unknown1131@gmail.com
Sing Boy,1600 Industrial Rd Cambridge ON N3H 4W5,Guelph,(519) 650-0222,http://www.signboy.ca/,,YellowPages.ca,1,Unknown1132,Unknown1132@gmail.com
Rio Nectar,6-350 Hespeler Rd Cambridge ON N1R 7N7,Guelph,(519) 267-4547,,,YellowPages.ca,1,Unknown1133,Unknown1133@gmail.com
Carvers Sandwich Companny,1000 Bishop St N Cambridge ON N3H 4V7,Guelph,(519) 653-3335,http://www.facebook.com/CarversSandwichCompany,,YellowPages.ca,1,Unknown1134,Unknown1134@gmail.com
Wow! Mobile Boutique,355 Hespeler Rd Cambridge ON N1R 6B3,Guelph,(519) 620-0556,,,YellowPages.ca,1,Unknown1135,Unknown1135@gmail.com
Crepe Delicious,355 Hespeler Rd Cambridge ON N1R 6B3,Guelph,(519) 267-6333,http://crepedelicious.com/,,YellowPages.ca,1,Unknown1136,Unknown1136@gmail.com
Applebee's,355 Hespeler Road Cambridge ON N1R 6B3,Guelph,(519) 740-8220,http://www.applebeescanada.com/,,YellowPages.ca,1,Unknown1137,Unknown1137@gmail.com
State And Main Cambridge,375 Hespeler Rd Cambridge ON N1R 6J1,Guelph,(519) 267-3867,,,YellowPages.ca,1,Unknown1138,Unknown1138@gmail.com
Zoup!,561 Hespeler Rd. Cambridge ON N1R 6J4,Guelph,(519) 624-9687,https://online.zoup.com/menu/zoup-cambridge-hespeler-rd?y_source=1_NjIxMTk1NTktNjAxLWxvY2F0aW9uLm1lbnVfdXJs,,YellowPages.ca,1,Unknown1139,Unknown1139@gmail.com
Cora Breakfast & Lunch,561 Hespeler Rd Cambridge ON N1R 6J4,Guelph,(519) 622-3555,http://chezcora.com/,,YellowPages.ca,1,Unknown1140,Unknown1140@gmail.com
Mr.Sub,706 King St E Cambridge ON N3H 3N9,Guelph,(519) 653-7070,https://mrsub.ca/locations/,,YellowPages.ca,1,Unknown1141,Unknown1141@gmail.com
San Francisco Panini,485 Silvercreek Pkwy N Guelph ON N1H 7K5,Guelph,(519) 265-8325,,,YellowPages.ca,1,Unknown1142,Unknown1142@gmail.com
Shawarma Fusion,130 Silvercreek Pky N Guelph ON N1H 7Y5,Guelph,(647) 836-3444,,,YellowPages.ca,1,Unknown1143,Unknown1143@gmail.com
Sherry D's Casual Dining & Lounge,259 Grange Rd Guelph ON N1E 6R5,Guelph,(519) 837-4050,,,YellowPages.ca,1,Unknown1144,Unknown1144@gmail.com
Kirtida Kitchen,3-265 Eramosa Rd Guelph ON N1E 2M7,Guelph,(519) 731-0057,,,YellowPages.ca,1,Unknown1145,Unknown1145@gmail.com
Emad's Cuisine,23 Garibaldi St Guelph ON N1E 5P3,Guelph,(226) 501-3330,,,YellowPages.ca,1,Unknown1146,Unknown1146@gmail.com
Beertown,435 Stone Rd W Guelph ON N1G 2X6,Guelph,(226) 706-2337,,,YellowPages.ca,1,Unknown1147,Unknown1147@gmail.com
Piatto Guelph,153 Wyndham St N Guelph ON N1H 4E9,Guelph,(519) 826-0449,,,YellowPages.ca,1,Unknown1148,Unknown1148@gmail.com
San Francisco Panini,20 Cowan Pl Guelph ON N1G 0C1,Guelph,(519) 837-8325,,,YellowPages.ca,1,Unknown1149,Unknown1149@gmail.com
Victoria Pub And Grill,259 Grange Rd Guelph ON N1E 6R5,Guelph,(519) 766-1888,,,YellowPages.ca,1,Unknown1150,Unknown1150@gmail.com
Casey's Grill and Bar,588 Hespeler Rd Cambridge ON N1R 6J8,Guelph,(519) 622-7272,,,YellowPages.ca,1,Unknown1151,Unknown1151@gmail.com
Cora Breakfast & Lunch,35 Harvard Rd Guelph ON N1G 3A2,Guelph,(519) 763-2844,http://www.chezcora.com/,,YellowPages.ca,1,Unknown1152,Unknown1152@gmail.com
Wings Ville,265 Eramosa Rd Guelph ON N1E 2M7,Guelph,(519) 824-3388,,,YellowPages.ca,1,Unknown1153,Unknown1153@gmail.com
Olive Tree Mediterranean Grill,1467 Gordon St Guelph ON N1L 1C9,Guelph,(519) 763-5555,http://olivetreebistroguelph.com/,,YellowPages.ca,1,Unknown1154,Unknown1154@gmail.com
Turtle Jack's Guelph,515 Woodlawn Rd W Guelph ON N1K 1E9,Guelph,(519) 829-2832,https://turtlejacks.com/locations/guelph/,,YellowPages.ca,1,Unknown1155,Unknown1155@gmail.com
MR.SUB,23 Wellington St E Guelph ON N1H 3R7,Guelph,(519) 823-4525,https://mrsub.ca/order-now/,,YellowPages.ca,1,Unknown1156,Unknown1156@gmail.com
Cultures,435 Stone Rd W Guelph ON N1G 2X6,Guelph,(519) 824-2115,https://cultures-restaurants.com/locations/,,YellowPages.ca,1,Unknown1157,Unknown1157@gmail.com
MR.SUB,240 Silvercreek Pky N Guelph ON N1H 1E7,Guelph,(519) 822-2820,https://mrsub.ca/order-now/,,YellowPages.ca,1,Unknown1158,Unknown1158@gmail.com
Zest Cafe,"6-650 Woodlawn Rd W, (Suite A) Guelph ON N1K 1B8",Guelph,(519) 823-0110,,,YellowPages.ca,1,Unknown1159,Unknown1159@gmail.com
Shoeless Joe's Sports Grill,5 ClairW Guelph ON N1L 0A6,Guelph,(519) 822-9970,,,YellowPages.ca,1,Unknown1160,Unknown1160@gmail.com
Great Canadian Bagel,66 Pinebush Rd Cambridge ON N1R 8K5,Guelph,(519) 620-9902,,,YellowPages.ca,1,Unknown1161,Unknown1161@gmail.com
Montana's,40 Pinebush Rd Cambridge ON N1R 8K5,Guelph,(519) 620-2411,https://www.montanas.ca/en/menu/food.html,,YellowPages.ca,1,Unknown1162,Unknown1162@gmail.com
Beertown Public House,561 Hespeler Rd Cambridge ON N1R 6J4,Guelph,(519) 629-0287,http://beertown.ca/,,YellowPages.ca,1,Unknown1163,Unknown1163@gmail.com
Blackshop Restaurants & Lounge,595 Hespeler Rd Cambridge ON N1R 6J3,Guelph,(519) 621-4180,http://www.blackshop.ca/welcome.htm,,YellowPages.ca,1,Unknown1164,Unknown1164@gmail.com
Afghan Restaurant Afghan Restaurant,611 Hespeler Rd Cambridge ON N1R 6J3,Guelph,(519) 623-0900,,,YellowPages.ca,1,Unknown1165,Unknown1165@gmail.com
Williams Fresh Cafe,620 Hespeler Rd Cambridge ON N1R 6J8,Guelph,(519) 624-1233,https://williamsfreshcafe.com/,,YellowPages.ca,1,Unknown1166,Unknown1166@gmail.com
Mohammed Hameed,100 Sheldon Dr Cambridge ON N1R 7S7,Guelph,(519) 740-3036,,,YellowPages.ca,1,Unknown1167,Unknown1167@gmail.com
Roadside Bar & Grill,650 Hespeler Rd Cambridge ON N1R 6J8,Guelph,(519) 620-2287,,,YellowPages.ca,1,Unknown1168,Unknown1168@gmail.com
Frenchy's Family Restaurant,650 Hespeler Rd Cambridge ON N1R 6J8,Guelph,(905) 624-8895,,,YellowPages.ca,1,Unknown1169,Unknown1169@gmail.com
ROADSIDE 24 BAR & GRILL,650 Hespeler Rd Cambridge ON N1R 6J8,Guelph,(519) 620-2286,,,YellowPages.ca,1,Unknown1170,Unknown1170@gmail.com
Saucy's Smokehouse Grill,35 Pinebush Rd Cambridge ON N1R 8E2,Guelph,(226) 201-1716,,,YellowPages.ca,1,Unknown1171,Unknown1171@gmail.com
Bar Grill,95 Saginaw Pky Cambridge ON N1T 1W2,Guelph,(519) 267-8885,,,YellowPages.ca,1,Unknown1172,Unknown1172@gmail.com
Ginger Express,6-95 Saginaw Pky Cambridge ON N1T 1W2,Guelph,(519) 267-8088,,,YellowPages.ca,1,Unknown1173,Unknown1173@gmail.com
Hakka Hut,1A-688 Hespeler Rd Cambridge ON N1R 8N7,Guelph,(519) 279-1117,,,YellowPages.ca,1,Unknown1174,Unknown1174@gmail.com
Caz's Great Fish,10 Pinebush Rd Cambridge ON N1R 5S4,Guelph,(519) 621-6081,http://www.cazsgreatfish.com/,,YellowPages.ca,1,Unknown1175,Unknown1175@gmail.com
The Bruce Restaurant & Lounge,700 Hespeler Rd Cambridge ON N3H 5L8,Guelph,(519) 622-5252,http://thebrucerestaurant.com/,,YellowPages.ca,1,Unknown1176,Unknown1176@gmail.com
Lone Star Texas Grill,38 Pinebush Rd Cambridge ON N1R 8K5,Guelph,(519) 650-1446,,,YellowPages.ca,1,Unknown1177,Unknown1177@gmail.com
Genesis Spanish Restaurant,246 King St E Cambridge ON N3H 3M6,Guelph,(519) 219-0351,,,YellowPages.ca,1,Unknown1178,Unknown1178@gmail.com
Tropical Delight Cuisine,30 Glamis Rd Cambridge ON N1R 7H5,Guelph,(519) 621-9990,,,YellowPages.ca,1,Unknown1179,Unknown1179@gmail.com
Cambridge Restaurant,752 King St E Cambridge ON N3H 3N9,Guelph,(519) 653-4455,,,YellowPages.ca,1,Unknown1180,Unknown1180@gmail.com
Restaurant Ernesto Lechona,255 Water St N Cambridge ON N1R 3B9,Guelph,(519) 623-2323,,,YellowPages.ca,1,Unknown1181,Unknown1181@gmail.com
Sugar Mountain,9 King St N Waterloo ON N2J 2W6,Guelph,(519) 208-8809,http://sugarmountain.ca/,,YellowPages.ca,1,Unknown1182,Unknown1182@gmail.com
Candy Candy Candy,32 Ontario St N Kitchener ON N2H 4Y4,Guelph,(519) 742-0333,https://www.facebook.com/candycantletyougo,,YellowPages.ca,1,Unknown1183,Unknown1183@gmail.com
Sweet Distractions,16 West Mill St ON N0B 1S0,Guelph,(519) 846-9918,http://www.facebook.com/sweetdistractionselora,,YellowPages.ca,1,Unknown1184,Unknown1184@gmail.com
Chocolate Revelations,170-235 King St E Kitchener ON N2G 4N5,Guelph,(226) 505-1595,http://www.facebook.com/9902,,YellowPages.ca,1,Unknown1185,Unknown1185@gmail.com
Best Of British,64 Grand Ave S Cambridge ON N1S 2L8,Guelph,(519) 622-2993,http://www.bestofbritish.ca/,,YellowPages.ca,1,Unknown1186,Unknown1186@gmail.com
Reid Candy & Nut Shop,42 Ainslie Street North Cambridge ON N1R 3J5,Guelph,(519) 621-6988,http://reidcandyandnutshop.com/,,YellowPages.ca,1,Unknown1187,Unknown1187@gmail.com
Reid Candy & Nut Shop,42 1/2 Ainslie Street North Cambridge ON N1R 3J5,Guelph,(519) 621-1138,http://www.reidcandyandnutshop.com/,,YellowPages.ca,1,Unknown1188,Unknown1188@gmail.com
Elnb Wholesale Candy & Snacks,53 Northview Heights Dr Cambridge ON N1R 7A7,Guelph,(519) 496-5148,,,YellowPages.ca,1,Unknown1189,Unknown1189@gmail.com
The Village Sweet Shop,120 Main S Guelph ON N0B 2K0,Guelph,(226) 979-1556,,,YellowPages.ca,1,Unknown1190,Unknown1190@gmail.com
Candies Of Merritt,344 Speedvale Ave E Guelph ON N1E 1N5,Guelph,(519) 824-7562,http://www.candiesofmerritt.com/,,YellowPages.ca,1,Unknown1191,Unknown1191@gmail.com
Whistle Stop Diner,77 Mill St E Acton ON L7J 1H5,Guelph,(519) 929-9590,,,YellowPages.ca,1,Unknown1192,Unknown1192@gmail.com
Martini's,2980 King St E Kitchener ON N2A 1A9,Guelph,(519) 893-6570,http://www.charcoalgroup.ca?ww_pageID=81A37ABC-AAA5-40BB-4B6A6CA2FE3F0D1B,,YellowPages.ca,1,Unknown1193,Unknown1193@gmail.com
Charcoal Steak House,2980 King St E Kitchener ON N2A 1A9,Guelph,(519) 893-6570,http://www.charcoalsteakhouse.ca/,,YellowPages.ca,1,Unknown1194,Unknown1194@gmail.com
Patricia Rose's,242 Water St N Cambridge ON N1R 3C1,Guelph,(226) 220-4608,,,YellowPages.ca,1,Unknown1195,Unknown1195@gmail.com
Fusion Indian Buffet,8-855 King St E Cambridge ON N3H 3P1,Guelph,(226) 214-3277,,,YellowPages.ca,1,Unknown1196,Unknown1196@gmail.com
Esmeail Jalili,45 West Mill Elora ON N0B 1S0,Guelph,(519) 846-8442,,,YellowPages.ca,1,Unknown1197,Unknown1197@gmail.com
Martin Lewis Confectionery,5 Church St E Elmira ON N3B 2K7,Guelph,(519) 910-0225,,,YellowPages.ca,1,Unknown1198,Unknown1198@gmail.com
Debora's Chocolates,100 Main Erin ON N0B 1T0,Guelph,(519) 833-2092,http://www.deboraschocolate.com/,,YellowPages.ca,1,Unknown1199,Unknown1199@gmail.com
Yei Sweets,2189 Postmaster Dr Oakville ON L6M 4E5,Guelph,(416) 893-5715,https://www.facebook.com/Yei-Sweets-208946225790178/,,YellowPages.ca,1,Unknown1200,Unknown1200@gmail.com
F P Candy Co,4080A Sladeview Cres Mississauga ON L5L 5Y5,Guelph,(905) 569-3101,http://www.facebook.com/1581129188882900,,YellowPages.ca,1,Unknown1201,Unknown1201@gmail.com
Walker's Chocolate Works,4391 Harvester Rd Burlington ON L7L 4X1,Guelph,(905) 333-4463,http://walkerschocolates.ca/,,YellowPages.ca,1,Unknown1202,Unknown1202@gmail.com
Walkers Chocolates,6-4391 Harvester Rd Burlington ON L7L 4X1,Guelph,(905) 333-2859,,,YellowPages.ca,1,Unknown1203,Unknown1203@gmail.com
JC Retail,103-39 King George Rd Brantford ON N3R 5K2,Guelph,(519) 750-0330,https://www.facebook.com/pages/Jc-Retail-Brantford/1654211611288021,,YellowPages.ca,1,Unknown1204,Unknown1204@gmail.com
Godiva,900 Maple Ave Burlington ON L7S 2J8,Guelph,(905) 681-9995,,,YellowPages.ca,1,Unknown1205,Unknown1205@gmail.com
Simply Sweet,2773 Westbury Crt Mississauga ON L5M 6B4,Guelph,(647) 328-7999,http://www.simplysweets.ca/,,YellowPages.ca,1,Unknown1206,Unknown1206@gmail.com
Kuma's Candy,1008 King St W Hamilton ON L8S 1L4,Guelph,(289) 389-8889,http://www.kumascandy.com/,,YellowPages.ca,1,Unknown1207,Unknown1207@gmail.com
White Gold Licorice,11 Eagle Dr Elmira ON N3B 3J1,Guelph,(519) 210-0105,,,YellowPages.ca,1,Unknown1208,Unknown1208@gmail.com
Jodi Gaskell,1035 King St W Hamilton ON L8S 1L6,Guelph,(905) 393-3132,http://stickyscandy.ca/,,YellowPages.ca,1,Unknown1209,Unknown1209@gmail.com
The Candy Cave Oakville,Oakville ON L6M 4L7,Guelph,(905) 582-9856,http://www.facebook.com/thecandycaveoakville/,,YellowPages.ca,1,Unknown1210,Unknown1210@gmail.com
Picards Candy Co,164 Copernicus Blvd Brantford ON N3P 1Y5,Guelph,(226) 381-4995,,,YellowPages.ca,1,Unknown1211,Unknown1211@gmail.com
Cottage Country Snack Foods,279 Sumach Dr Burlington ON L7T 0B5,Guelph,(877) 787-0777,http://cottagecountrycandies.com/,,YellowPages.ca,1,Unknown1212,Unknown1212@gmail.com
Ganga Food,131 Bonnie Braes Dr Brampton ON L6Y 0W6,Guelph,(905) 497-4795,https://www.facebook.com/Ganga-Food-1094319860682122/,,YellowPages.ca,1,Unknown1213,Unknown1213@gmail.com
FancEy Chocolate's,6060 Snowy Owl Cres Mississauga ON L5N 7K3,Guelph,(416) 578-9766,,,YellowPages.ca,1,Unknown1214,Unknown1214@gmail.com
Tasty Bites Caribean,255 Water St N Cambridge ON N1R 3B9,Guelph,(519) 622-3100,,,YellowPages.ca,1,Unknown1215,Unknown1215@gmail.com
Starlight Cafe,35 Mill St W Halton Hills ON L7J 1H1,Guelph,(519) 853-8931,,,YellowPages.ca,1,Unknown1216,Unknown1216@gmail.com
Azores Cambridge Bakery,244 Elgin St N Cambridge ON N1R 5J1,Guelph,(226) 533-9766,http://www.azorescambridgebakery.ca/,,YellowPages.ca,1,Unknown1217,Unknown1217@gmail.com
Bombay Cuisine,"5-4336 King St E, (G) Kitchener ON N2P 3W6",Guelph,(519) 219-7700,http://thaiocha.ca/,,YellowPages.ca,1,Unknown1218,Unknown1218@gmail.com
Pita Factory,2-4293 King St E Kitchener ON N2P 2E9,Guelph,(519) 650-5560,http://www.pitafactory.com/,,YellowPages.ca,1,Unknown1219,Unknown1219@gmail.com
Mandarin Restaurant,4220 King St E Kitchener ON N2P 2G5,Guelph,(519) 653-5000,http://www.mandarinrestaurant.com/,,YellowPages.ca,1,Unknown1220,Unknown1220@gmail.com
Pioneer Bar-B-Q,25 Sportsworld Dr Kitchener ON N2P 2J5,Guelph,(519) 653-3761,http://www.pioneerbarbeque.ca/,,YellowPages.ca,1,Unknown1221,Unknown1221@gmail.com
ICE CREAM 2,1401 River Rd E East Kitchener ON N2A 3X9,Guelph,(519) 895-0093,https://www.facebook.com/IceCream2Kitchener/,,YellowPages.ca,1,Unknown1222,Unknown1222@gmail.com
Mehfill Indian Cuisine Mehfill Indian Cu,693 Coronation Blvd Cambridge ON N1R 3G5,Guelph,(519) 623-2424,,,YellowPages.ca,1,Unknown1223,Unknown1223@gmail.com
MENCHIE'S FROZEN YOGURT,109B-1020 Ottawa St N Kitchener ON N2A 3Z3,Guelph,(519) 977-3495,,,YellowPages.ca,1,Unknown1224,Unknown1224@gmail.com
Menchie's Frozen Yogurt,107 Breckenridge Dr Kitchener ON N2B 3R8,Guelph,(519) 997-3495,,,YellowPages.ca,1,Unknown1225,Unknown1225@gmail.com
Rajdhani Sweets & Restaurant,3-4500 King St E Kitchener ON N2P 2G4,Guelph,(548) 288-4282,,,YellowPages.ca,1,Unknown1226,Unknown1226@gmail.com
Pop's & Ruby's Tap & Grill,B2 200 Preston Pkwy Cambridge ON N3H 5N1,Guelph,(519) 653-4814,,,YellowPages.ca,1,Unknown1227,Unknown1227@gmail.com
Howl At The Moon,1271 Victoria St N Kitchener ON N2B 3E1,Guelph,(519) 578-7205,http://www.howlatthemoon.com/,,YellowPages.ca,1,Unknown1228,Unknown1228@gmail.com
Jo Jo's On the Go,1515 King St E Cambridge ON N3H 3R6,Guelph,(519) 543-0033,,,YellowPages.ca,1,Unknown1229,Unknown1229@gmail.com
Boutique Baker,1225 King St E Cambridge ON N3H 3P9,Guelph,(226) 240-7000,http://www.boutiquebaker.com/,,YellowPages.ca,1,Unknown1230,Unknown1230@gmail.com
Hometown Grill,916 King St E Main Cambridge ON N3H 3P3,Guelph,(519) 219-3002,,,YellowPages.ca,1,Unknown1231,Unknown1231@gmail.com
Silver Castle Restaurant,132 Westminster Dr S Cambridge ON N3H 1S8,Guelph,(548) 333-1817,,,YellowPages.ca,1,Unknown1232,Unknown1232@gmail.com
Momo House,1118 King St E Cambridge ON N3H 3P6,Guelph,(519) 650-5400,,,YellowPages.ca,1,Unknown1233,Unknown1233@gmail.com
Omzz Burgerz,1-960 King St E Cambridge ON N3H 3P3,Guelph,(519) 219-6699,,,YellowPages.ca,1,Unknown1234,Unknown1234@gmail.com
Zaz Bistro,916 King St E Cambridge ON N3H 3P3,Guelph,(226) 336-8005,,,YellowPages.ca,1,Unknown1235,Unknown1235@gmail.com
Turtle Jack's Muskoka Grill,4289 King St E Kitchener ON N2P 2E9,Guelph,(519) 650-1199,,,YellowPages.ca,1,Unknown1236,Unknown1236@gmail.com
Pita Planet Take Out & Delivery,1024 King St W Hamilton ON L8S 1L5,Guelph,(905) 525-6022,,,YellowPages.ca,1,Unknown1237,Unknown1237@gmail.com
Borealis Grille And Bar,G1 4336 King E Kitchener ON N2P 3W6,Guelph,(519) 219-9007,http://www.borealisgrille.ca/,,YellowPages.ca,1,Unknown1238,Unknown1238@gmail.com
Misao Sushi Restaurant,10 Mill St E Acton ON L7J 1G9,Guelph,(519) 853-1113,,,YellowPages.ca,1,Unknown1239,Unknown1239@gmail.com
Cabana,202 Samuelson St Cambridge ON N1R 1K5,Guelph,(519) 621-2791,https://www.facebook.com/Video-HutCabana-823001801069958/,,YellowPages.ca,1,Unknown1240,Unknown1240@gmail.com
Eclipse Asian Cuisine,1 Hespeler Rd Cambridge ON N1R 8L4,Guelph,(519) 624-8889,,,YellowPages.ca,1,Unknown1241,Unknown1241@gmail.com
Mola Bistro,302-614 Coronation Blvd Cambridge ON N1R 3E8,Guelph,(519) 629-4004,http://mola-bistro.business.site/,,YellowPages.ca,1,Unknown1242,Unknown1242@gmail.com
Mediterranni Restaurant,215 Beverly St Cambridge ON N1R 3Z9,Guelph,(519) 620-2499,,,YellowPages.ca,1,Unknown1243,Unknown1243@gmail.com
Olympic Greek Souvlaki,15 Mill St E Acton ON L7J 1G8,Guelph,(519) 853-0300,http://bigfatgreeksouvlaki.com/,,YellowPages.ca,1,Unknown1244,Unknown1244@gmail.com
Hooden Goblin Restaurant & Bar,30 Main St S Halton Hills ON,Guelph,(289) 891-6493,,,YellowPages.ca,1,Unknown1245,Unknown1245@gmail.com
Sunlight Restaurant,Stanley Park Mall Kitchener ON N2A 1H2,Guelph,(519) 893-7471,http://www.sunlightrestaurant.co.uk/welcome/,,YellowPages.ca,1,Unknown1246,Unknown1246@gmail.com
Joe's Great Pizza,22 Mill St E Acton ON L7J 1G9,Guelph,(519) 853-9111,,,YellowPages.ca,1,Unknown1247,Unknown1247@gmail.com
Pierogi House,4336 King St E Kitchener ON N2P 3W6,Guelph,(519) 219-2226,,,YellowPages.ca,1,Unknown1248,Unknown1248@gmail.com
Tommy's Grill,28 Mill St E Acton ON L7J 1H2,Guelph,(519) 929-9287,,,YellowPages.ca,1,Unknown1249,Unknown1249@gmail.com
International Bakery,15 Middleton St Brantford ON N3S 7X1,Guelph,(519) 751-3310,http://www.international-bakery.com/,,YellowPages.ca,0.85,Unknown1250,Unknown1250@gmail.com
Saaral South Indian Restaurant Corp,2 County Court Blvd Brampton ON L6W 3W8,Guelph,(905) 840-7779,http://www.saaral.ca/,,YellowPages.ca,0.85,Unknown1251,Unknown1251@gmail.com
Candy Bouquet International,305 Chester Le Blvd Scarborough ON M1W 2K7,Guelph,(416) 492-1815,http://candybouquet.com/,,YellowPages.ca,0.85,Unknown1252,Unknown1252@gmail.com
Delizia Bakery Corp.,27 Ruth Ave Brampton ON L6Z 4R2,Guelph,(905) 846-0694,http://www.facebook.com/pages/Delizia-Bakery-LTD/114227408622843,,YellowPages.ca,0.85,Unknown1253,Unknown1253@gmail.com
Tori's Bakeshop Corp,355 Hespeler Cambridge ON N1R 6B3,Guelph,(519) 620-0282,http://torisbakeshop.ca/,,YellowPages.ca,0.85,Unknown1254,Unknown1254@gmail.com
2296556 Ont Inc,373 Steeles Ave W Brampton ON L6Y 0P8,Guelph,(905) 874-4715,,,YellowPages.ca,0.8,Unknown1255,Unknown1255@gmail.com
1000414019 Ontario Inc. O,25 BrisdaleDr Brampton ON L7A 0S9,Guelph,(905) 840-0050,https://www.facebook.com/royalpaan/,,YellowPages.ca,0.8,Unknown1256,Unknown1256@gmail.com
9058572005,12101 Airport Rd Caledon ON L7C 2X3,Guelph,(905) 857-2005,,,YellowPages.ca,0.8,Unknown1257,Unknown1257@gmail.com
2771107 Ontario Inc,800 Queenston Rd Stoney Creek ON L8G 1A7,Guelph,(905) 930-9858,http://www.facebook.com/1420291534877159,,YellowPages.ca,0.8,Unknown1258,Unknown1258@gmail.com
126 Chinese Restaurant,2922 King St E Kitchener ON N2A 1A7,Guelph,(519) 954-3388,http://126chineserestaurant.ca/,,YellowPages.ca,0.8,Unknown1259,Unknown1259@gmail.com
1000867169 Ontario Inc,174 Clair Rd E Guelph ON N1L 0G6,Guelph,(519) 763-5535,,,YellowPages.ca,0.8,Unknown1260,Unknown1260@gmail.com
Shanghai 360,,Guelph,,,chinese,OpenStreetMap,0.8,Unknown1261,Unknown1261@gmail.com
Sushi 1122,,Guelph,,,sushi,OpenStreetMap,0.8,Unknown1262,Unknown1262@gmail.com
Cafe 245,"245 Hanlon Creek Boulevard, Guelph",Guelph,,https://cafe245.com/,cafe,OpenStreetMap,0.8,Unknown1263,Unknown1263@gmail.com
Bakery Confectionery & Tobacco Workers International Union Local 264,6655 Kitimat Rd Mississauga ON L5N 6J4,Guelph,(905) 858-7977,,,YellowPages.ca,0.65,Unknown1264,Unknown1264@gmail.com
